task,regime,split,difficulty,stress,valid,invalid,contact,affordance,temporal,support,scale,hazard
peg_insertion,lighting_background_shift,nominal,0.074,0.1,0.568512,0.031488,0.049181,0.025951,0.016952,0.041856,0.0742,0.0742
peg_insertion,lighting_background_shift,valid_perceptual_shift,0.074,0.44,0.888488,0.032832,0.052226,0.027022,0.017652,0.043584,0.098,0.098
peg_insertion,lighting_background_shift,valid_geometric_shift,0.074,0.52,0.8366,0.036192,0.062378,0.0297,0.019051,0.048768,0.1036,0.1036
peg_insertion,lighting_background_shift,invalid_physical_shift,0.074,0.64,0.637696,0.057696,0.085728,0.0447,0.028149,0.069504,0.112,0.112
peg_insertion,lighting_background_shift,contact_frame_break,0.074,0.68,0.654992,0.057696,0.092834,0.036664,0.02255,0.061728,0.1148,0.1148
peg_insertion,lighting_background_shift,affordance_break,0.074,0.68,0.66364,0.057696,0.073546,0.048985,0.02395,0.060864,0.1148,0.1148
peg_insertion,lighting_background_shift,temporal_break,0.074,0.7,0.654992,0.058368,0.071515,0.038271,0.031998,0.059136,0.1162,0.1162
peg_insertion,lighting_background_shift,heldout_mixed_invariance_stress,0.074,0.86,0.819304,0.05904,0.088774,0.046842,0.030599,0.074688,0.1274,0.1274
peg_insertion,camera_viewpoint_shift,nominal,0.074,0.1,0.520128,0.073472,0.098362,0.038926,0.028253,0.05232,0.0954,0.106
peg_insertion,camera_viewpoint_shift,valid_perceptual_shift,0.074,0.44,0.812872,0.076608,0.104453,0.040533,0.029419,0.05448,0.126,0.14
peg_insertion,camera_viewpoint_shift,valid_geometric_shift,0.074,0.52,0.7654,0.084448,0.124757,0.044551,0.031752,0.06096,0.1332,0.148
peg_insertion,camera_viewpoint_shift,invalid_physical_shift,0.074,0.64,0.583424,0.134624,0.171456,0.067049,0.046915,0.08688,0.144,0.16
peg_insertion,camera_viewpoint_shift,contact_frame_break,0.074,0.68,0.599248,0.134624,0.185669,0.054996,0.037584,0.07716,0.1476,0.164
peg_insertion,camera_viewpoint_shift,affordance_break,0.074,0.68,0.60716,0.134624,0.147091,0.073477,0.039917,0.07608,0.1476,0.164
peg_insertion,camera_viewpoint_shift,temporal_break,0.074,0.7,0.599248,0.136192,0.14303,0.057407,0.05333,0.07392,0.1494,0.166
peg_insertion,camera_viewpoint_shift,heldout_mixed_invariance_stress,0.074,0.86,0.749576,0.13776,0.177547,0.070263,0.050998,0.09336,0.1638,0.182
peg_insertion,se2_pose_transform,nominal,0.074,0.1,0.459648,0.115456,0.137706,0.058389,0.039554,0.083712,0.1272,0.1484
peg_insertion,se2_pose_transform,valid_perceptual_shift,0.074,0.44,0.718352,0.120384,0.146234,0.0608,0.041187,0.087168,0.168,0.196
peg_insertion,se2_pose_transform,valid_geometric_shift,0.074,0.52,0.6764,0.132704,0.17466,0.066826,0.044453,0.097536,0.1776,0.2072
peg_insertion,se2_pose_transform,invalid_physical_shift,0.074,0.64,0.515584,0.211552,0.240038,0.100574,0.065681,0.139008,0.192,0.224
peg_insertion,se2_pose_transform,contact_frame_break,0.074,0.68,0.529568,0.211552,0.259936,0.082495,0.052618,0.123456,0.1968,0.2296
peg_insertion,se2_pose_transform,affordance_break,0.074,0.68,0.53656,0.211552,0.205928,0.110216,0.055884,0.121728,0.1968,0.2296
peg_insertion,se2_pose_transform,temporal_break,0.074,0.7,0.529568,0.214016,0.200243,0.086111,0.074663,0.118272,0.1992,0.2324
peg_insertion,se2_pose_transform,heldout_mixed_invariance_stress,0.074,0.86,0.662416,0.21648,0.248566,0.105395,0.071397,0.149376,0.2184,0.2548
peg_insertion,object_scale_fixture_shift,nominal,0.074,0.1,0.278208,0.31488,0.285249,0.142729,0.079108,0.282528,0.4876,0.318
peg_insertion,object_scale_fixture_shift,valid_perceptual_shift,0.074,0.44,0.434792,0.32832,0.302913,0.148621,0.082374,0.294192,0.644,0.42
peg_insertion,object_scale_fixture_shift,valid_geometric_shift,0.074,0.52,0.4094,0.36192,0.361795,0.163353,0.088906,0.329184,0.6808,0.444
peg_insertion,object_scale_fixture_shift,invalid_physical_shift,0.074,0.64,0.312064,0.57696,0.497222,0.245847,0.131363,0.469152,0.736,0.48
peg_insertion,object_scale_fixture_shift,contact_frame_break,0.074,0.68,0.320528,0.57696,0.53844,0.201654,0.105235,0.416664,0.7544,0.492
peg_insertion,object_scale_fixture_shift,affordance_break,0.074,0.68,0.32476,0.57696,0.426564,0.269417,0.111767,0.410832,0.7544,0.492
peg_insertion,object_scale_fixture_shift,temporal_break,0.074,0.7,0.320528,0.58368,0.414788,0.210492,0.149325,0.399168,0.7636,0.498
peg_insertion,object_scale_fixture_shift,heldout_mixed_invariance_stress,0.074,0.86,0.400936,0.5904,0.514887,0.257632,0.142793,0.504144,0.8372,0.546
peg_insertion,mirror_handed_contact,nominal,0.074,0.1,0.12096,0.461824,0.4623,0.136241,0.056506,0.15696,0.1484,0.424
peg_insertion,mirror_handed_contact,valid_perceptual_shift,0.074,0.44,0.18904,0.481536,0.490928,0.141866,0.058838,0.16344,0.196,0.56
peg_insertion,mirror_handed_contact,valid_geometric_shift,0.074,0.52,0.178,0.530816,0.586357,0.155928,0.063504,0.18288,0.2072,0.592
peg_insertion,mirror_handed_contact,invalid_physical_shift,0.074,0.64,0.13568,0.846208,0.805843,0.234672,0.09383,0.26064,0.224,0.64
peg_insertion,mirror_handed_contact,contact_frame_break,0.074,0.68,0.13936,0.846208,0.872643,0.192488,0.075168,0.23148,0.2296,0.656
peg_insertion,mirror_handed_contact,affordance_break,0.074,0.68,0.1412,0.846208,0.691329,0.257171,0.079834,0.22824,0.2296,0.656
peg_insertion,mirror_handed_contact,temporal_break,0.074,0.7,0.13936,0.856064,0.672243,0.200925,0.106661,0.22176,0.2324,0.664
peg_insertion,mirror_handed_contact,heldout_mixed_invariance_stress,0.074,0.86,0.17432,0.86592,0.834472,0.245922,0.101995,0.28008,0.2548,0.728
peg_insertion,material_friction_swap,nominal,0.074,0.1,0.108864,0.440832,0.422955,0.207606,0.067807,0.345312,0.1696,0.4134
peg_insertion,material_friction_swap,valid_perceptual_shift,0.074,0.44,0.170136,0.459648,0.449147,0.216177,0.070606,0.359568,0.224,0.546
peg_insertion,material_friction_swap,valid_geometric_shift,0.074,0.52,0.1602,0.506688,0.536454,0.237604,0.076205,0.402336,0.2368,0.5772
peg_insertion,material_friction_swap,invalid_physical_shift,0.074,0.64,0.122112,0.807744,0.737261,0.357596,0.112596,0.573408,0.256,0.624
peg_insertion,material_friction_swap,contact_frame_break,0.074,0.68,0.125424,0.807744,0.798376,0.293315,0.090202,0.509256,0.2624,0.6396
peg_insertion,material_friction_swap,affordance_break,0.074,0.68,0.12708,0.807744,0.632492,0.39188,0.0958,0.502128,0.2624,0.6396
peg_insertion,material_friction_swap,temporal_break,0.074,0.7,0.125424,0.817152,0.615031,0.306171,0.127993,0.487872,0.2656,0.6474
peg_insertion,material_friction_swap,heldout_mixed_invariance_stress,0.074,0.86,0.156888,0.82656,0.763453,0.374738,0.122394,0.616176,0.2912,0.7098
peg_insertion,tool_affordance_swap,nominal,0.074,0.1,0.133056,0.451328,0.334429,0.304921,0.118662,0.20928,0.1802,0.3816
peg_insertion,tool_affordance_swap,valid_perceptual_shift,0.074,0.44,0.207944,0.470592,0.35514,0.317509,0.123561,0.21792,0.238,0.504
peg_insertion,tool_affordance_swap,valid_geometric_shift,0.074,0.52,0.1958,0.518752,0.424173,0.348981,0.133358,0.24384,0.2516,0.5328
peg_insertion,tool_affordance_swap,invalid_physical_shift,0.074,0.64,0.149248,0.826976,0.58295,0.525219,0.197044,0.34752,0.272,0.576
peg_insertion,tool_affordance_swap,contact_frame_break,0.074,0.68,0.153296,0.826976,0.631274,0.430806,0.157853,0.30864,0.2788,0.5904
peg_insertion,tool_affordance_swap,affordance_break,0.074,0.68,0.15532,0.826976,0.50011,0.575573,0.167651,0.30432,0.2788,0.5904
peg_insertion,tool_affordance_swap,temporal_break,0.074,0.7,0.153296,0.836608,0.486303,0.449688,0.223988,0.29568,0.2822,0.5976
peg_insertion,tool_affordance_swap,heldout_mixed_invariance_stress,0.074,0.86,0.191752,0.84624,0.60366,0.550396,0.21419,0.37344,0.3094,0.6552
peg_insertion,support_surface_change,nominal,0.074,0.1,0.145152,0.430336,0.373774,0.188143,0.09606,0.491808,0.212,0.4028
peg_insertion,support_surface_change,valid_perceptual_shift,0.074,0.44,0.226848,0.448704,0.396921,0.19591,0.100025,0.512112,0.28,0.532
peg_insertion,support_surface_change,valid_geometric_shift,0.074,0.52,0.2136,0.494624,0.474076,0.215328,0.107957,0.573024,0.296,0.5624
peg_insertion,support_surface_change,invalid_physical_shift,0.074,0.64,0.162816,0.788512,0.651533,0.324072,0.159512,0.816672,0.32,0.608
peg_insertion,support_surface_change,contact_frame_break,0.074,0.68,0.167232,0.788512,0.705541,0.265816,0.127786,0.725304,0.328,0.6232
peg_insertion,support_surface_change,affordance_break,0.074,0.68,0.16944,0.788512,0.558947,0.355141,0.135717,0.715152,0.328,0.6232
peg_insertion,support_surface_change,temporal_break,0.074,0.7,0.167232,0.797696,0.543516,0.277467,0.181323,0.694848,0.332,0.6308
peg_insertion,support_surface_change,heldout_mixed_invariance_stress,0.074,0.86,0.209184,0.80688,0.674679,0.339606,0.173392,0.877584,0.364,0.6916
peg_insertion,temporal_order_reversal,nominal,0.074,0.1,0.108864,0.47232,0.285249,0.181655,0.271227,0.177888,0.1484,0.3922
peg_insertion,temporal_order_reversal,valid_perceptual_shift,0.074,0.44,0.170136,0.49248,0.302913,0.189155,0.282424,0.185232,0.196,0.518
peg_insertion,temporal_order_reversal,valid_geometric_shift,0.074,0.52,0.1602,0.54288,0.361795,0.207903,0.304819,0.207264,0.2072,0.5476
peg_insertion,temporal_order_reversal,invalid_physical_shift,0.074,0.64,0.122112,0.86544,0.497222,0.312897,0.450386,0.295392,0.224,0.592
peg_insertion,temporal_order_reversal,contact_frame_break,0.074,0.68,0.125424,0.86544,0.53844,0.25665,0.360806,0.262344,0.2296,0.6068
peg_insertion,temporal_order_reversal,affordance_break,0.074,0.68,0.12708,0.86544,0.426564,0.342895,0.383201,0.258672,0.2296,0.6068
peg_insertion,temporal_order_reversal,temporal_break,0.074,0.7,0.125424,0.87552,0.414788,0.2679,0.511972,0.251328,0.2324,0.6142
peg_insertion,temporal_order_reversal,heldout_mixed_invariance_stress,0.074,0.86,0.156888,0.8856,0.514887,0.327896,0.489577,0.317424,0.2548,0.6734
peg_insertion,mixed_physical_invalidity,nominal,0.074,0.1,0.18144,0.482816,0.432791,0.27897,0.248625,0.429024,0.4134,0.477
peg_insertion,mixed_physical_invalidity,valid_perceptual_shift,0.074,0.44,0.28356,0.503424,0.459592,0.290487,0.258889,0.446736,0.546,0.63
peg_insertion,mixed_physical_invalidity,valid_geometric_shift,0.074,0.52,0.267,0.554944,0.54893,0.31928,0.279418,0.499872,0.5772,0.666
peg_insertion,mixed_physical_invalidity,invalid_physical_shift,0.074,0.64,0.20352,0.884672,0.754406,0.48052,0.412854,0.712416,0.624,0.72
peg_insertion,mixed_physical_invalidity,contact_frame_break,0.074,0.68,0.20904,0.884672,0.816943,0.394141,0.330739,0.632712,0.6396,0.738
peg_insertion,mixed_physical_invalidity,affordance_break,0.074,0.68,0.2118,0.884672,0.647201,0.526588,0.351268,0.623856,0.6396,0.738
peg_insertion,mixed_physical_invalidity,temporal_break,0.074,0.7,0.20904,0.894976,0.629334,0.411417,0.469308,0.606144,0.6474,0.747
peg_insertion,mixed_physical_invalidity,heldout_mixed_invariance_stress,0.074,0.86,0.26148,0.90528,0.781208,0.503554,0.448779,0.765552,0.7098,0.819
drawer_opening,lighting_background_shift,nominal,0.068,0.1,0.573776,0.031488,0.041856,0.032648,0.020091,0.041856,0.0742,0.0742
drawer_opening,lighting_background_shift,valid_perceptual_shift,0.068,0.44,0.893752,0.032832,0.044448,0.033996,0.02092,0.043584,0.098,0.098
drawer_opening,lighting_background_shift,valid_geometric_shift,0.068,0.52,0.841864,0.036192,0.053088,0.037365,0.022579,0.048768,0.1036,0.1036
drawer_opening,lighting_background_shift,invalid_physical_shift,0.068,0.64,0.64296,0.057696,0.07296,0.056235,0.033362,0.069504,0.112,0.112
drawer_opening,lighting_background_shift,contact_frame_break,0.068,0.68,0.660256,0.057696,0.079008,0.046126,0.026726,0.061728,0.1148,0.1148
drawer_opening,lighting_background_shift,affordance_break,0.068,0.68,0.668904,0.057696,0.062592,0.061626,0.028385,0.060864,0.1148,0.1148
drawer_opening,lighting_background_shift,temporal_break,0.068,0.7,0.660256,0.058368,0.060864,0.048148,0.037924,0.059136,0.1162,0.1162
drawer_opening,lighting_background_shift,heldout_mixed_invariance_stress,0.068,0.86,0.824568,0.05904,0.075552,0.058931,0.036265,0.074688,0.1274,0.1274
drawer_opening,camera_viewpoint_shift,nominal,0.068,0.1,0.524944,0.073472,0.083712,0.048972,0.033485,0.05232,0.0954,0.106
drawer_opening,camera_viewpoint_shift,valid_perceptual_shift,0.068,0.44,0.817688,0.076608,0.088896,0.050993,0.034867,0.05448,0.126,0.14
drawer_opening,camera_viewpoint_shift,valid_geometric_shift,0.068,0.52,0.770216,0.084448,0.106176,0.056048,0.037632,0.06096,0.1332,0.148
drawer_opening,camera_viewpoint_shift,invalid_physical_shift,0.068,0.64,0.58824,0.134624,0.14592,0.084352,0.055603,0.08688,0.144,0.16
drawer_opening,camera_viewpoint_shift,contact_frame_break,0.068,0.68,0.604064,0.134624,0.158016,0.069189,0.044544,0.07716,0.1476,0.164
drawer_opening,camera_viewpoint_shift,affordance_break,0.068,0.68,0.611976,0.134624,0.125184,0.092439,0.047309,0.07608,0.1476,0.164
drawer_opening,camera_viewpoint_shift,temporal_break,0.068,0.7,0.604064,0.136192,0.121728,0.072222,0.063206,0.07392,0.1494,0.166
drawer_opening,camera_viewpoint_shift,heldout_mixed_invariance_stress,0.068,0.86,0.754392,0.13776,0.151104,0.088396,0.060442,0.09336,0.1638,0.182
drawer_opening,se2_pose_transform,nominal,0.068,0.1,0.463904,0.115456,0.117197,0.073457,0.046879,0.083712,0.1272,0.1484
drawer_opening,se2_pose_transform,valid_perceptual_shift,0.068,0.44,0.722608,0.120384,0.124454,0.07649,0.048814,0.087168,0.168,0.196
drawer_opening,se2_pose_transform,valid_geometric_shift,0.068,0.52,0.680656,0.132704,0.148646,0.084072,0.052685,0.097536,0.1776,0.2072
drawer_opening,se2_pose_transform,invalid_physical_shift,0.068,0.64,0.51984,0.211552,0.204288,0.126528,0.077844,0.139008,0.192,0.224
drawer_opening,se2_pose_transform,contact_frame_break,0.068,0.68,0.533824,0.211552,0.221222,0.103784,0.062362,0.123456,0.1968,0.2296
drawer_opening,se2_pose_transform,affordance_break,0.068,0.68,0.540816,0.211552,0.175258,0.138659,0.066232,0.121728,0.1968,0.2296
drawer_opening,se2_pose_transform,temporal_break,0.068,0.7,0.533824,0.214016,0.170419,0.108333,0.088489,0.118272,0.1992,0.2324
drawer_opening,se2_pose_transform,heldout_mixed_invariance_stress,0.068,0.86,0.666672,0.21648,0.211546,0.132594,0.084618,0.149376,0.2184,0.2548
drawer_opening,object_scale_fixture_shift,nominal,0.068,0.1,0.280784,0.31488,0.242765,0.179562,0.093757,0.282528,0.4876,0.318
drawer_opening,object_scale_fixture_shift,valid_perceptual_shift,0.068,0.44,0.437368,0.32832,0.257798,0.186975,0.097628,0.294192,0.644,0.42
drawer_opening,object_scale_fixture_shift,valid_geometric_shift,0.068,0.52,0.411976,0.36192,0.30791,0.205508,0.10537,0.329184,0.6808,0.444
drawer_opening,object_scale_fixture_shift,invalid_physical_shift,0.068,0.64,0.31464,0.57696,0.423168,0.309292,0.155689,0.469152,0.736,0.48
drawer_opening,object_scale_fixture_shift,contact_frame_break,0.068,0.68,0.323104,0.57696,0.458246,0.253693,0.124723,0.416664,0.7544,0.492
drawer_opening,object_scale_fixture_shift,affordance_break,0.068,0.68,0.327336,0.57696,0.363034,0.338944,0.132465,0.410832,0.7544,0.492
drawer_opening,object_scale_fixture_shift,temporal_break,0.068,0.7,0.323104,0.58368,0.353011,0.264813,0.176978,0.399168,0.7636,0.498
drawer_opening,object_scale_fixture_shift,heldout_mixed_invariance_stress,0.068,0.86,0.403512,0.5904,0.438202,0.324118,0.169236,0.504144,0.8372,0.546
drawer_opening,mirror_handed_contact,nominal,0.068,0.1,0.12208,0.461824,0.393446,0.1714,0.06697,0.15696,0.1484,0.424
drawer_opening,mirror_handed_contact,valid_perceptual_shift,0.068,0.44,0.19016,0.481536,0.417811,0.178476,0.069734,0.16344,0.196,0.56
drawer_opening,mirror_handed_contact,valid_geometric_shift,0.068,0.52,0.17912,0.530816,0.499027,0.196167,0.075264,0.18288,0.2072,0.592
drawer_opening,mirror_handed_contact,invalid_physical_shift,0.068,0.64,0.1368,0.846208,0.685824,0.295233,0.111206,0.26064,0.224,0.64
drawer_opening,mirror_handed_contact,contact_frame_break,0.068,0.68,0.14048,0.846208,0.742675,0.242162,0.089088,0.23148,0.2296,0.656
drawer_opening,mirror_handed_contact,affordance_break,0.068,0.68,0.14232,0.846208,0.588365,0.323538,0.094618,0.22824,0.2296,0.656
drawer_opening,mirror_handed_contact,temporal_break,0.068,0.7,0.14048,0.856064,0.572122,0.252776,0.126413,0.22176,0.2324,0.664
drawer_opening,mirror_handed_contact,heldout_mixed_invariance_stress,0.068,0.86,0.17544,0.86592,0.710189,0.309385,0.120883,0.28008,0.2548,0.728
drawer_opening,material_friction_swap,nominal,0.068,0.1,0.109872,0.440832,0.359962,0.261181,0.080364,0.345312,0.1696,0.4134
drawer_opening,material_friction_swap,valid_perceptual_shift,0.068,0.44,0.171144,0.459648,0.382253,0.271964,0.083681,0.359568,0.224,0.546
drawer_opening,material_friction_swap,valid_geometric_shift,0.068,0.52,0.161208,0.506688,0.456557,0.298921,0.090317,0.402336,0.2368,0.5772
drawer_opening,material_friction_swap,invalid_physical_shift,0.068,0.64,0.12312,0.807744,0.627456,0.449879,0.133448,0.573408,0.256,0.624
drawer_opening,material_friction_swap,contact_frame_break,0.068,0.68,0.126432,0.807744,0.679469,0.369009,0.106906,0.509256,0.2624,0.6396
drawer_opening,material_friction_swap,affordance_break,0.068,0.68,0.128088,0.807744,0.538291,0.49301,0.113541,0.502128,0.2624,0.6396
drawer_opening,material_friction_swap,temporal_break,0.068,0.7,0.126432,0.817152,0.52343,0.385183,0.151695,0.487872,0.2656,0.6474
drawer_opening,material_friction_swap,heldout_mixed_invariance_stress,0.068,0.86,0.157896,0.82656,0.649747,0.471444,0.14506,0.616176,0.2912,0.7098
drawer_opening,tool_affordance_swap,nominal,0.068,0.1,0.134288,0.451328,0.284621,0.38361,0.140636,0.20928,0.1802,0.3816
drawer_opening,tool_affordance_swap,valid_perceptual_shift,0.068,0.44,0.209176,0.470592,0.302246,0.399447,0.146442,0.21792,0.238,0.504
drawer_opening,tool_affordance_swap,valid_geometric_shift,0.068,0.52,0.197032,0.518752,0.360998,0.43904,0.158054,0.24384,0.2516,0.5328
drawer_opening,tool_affordance_swap,invalid_physical_shift,0.068,0.64,0.15048,0.826976,0.496128,0.66076,0.233533,0.34752,0.272,0.576
drawer_opening,tool_affordance_swap,contact_frame_break,0.068,0.68,0.154528,0.826976,0.537254,0.541981,0.187085,0.30864,0.2788,0.5904
drawer_opening,tool_affordance_swap,affordance_break,0.068,0.68,0.156552,0.826976,0.425626,0.724108,0.198697,0.30432,0.2788,0.5904
drawer_opening,tool_affordance_swap,temporal_break,0.068,0.7,0.154528,0.836608,0.413875,0.565737,0.265467,0.29568,0.2822,0.5976
drawer_opening,tool_affordance_swap,heldout_mixed_invariance_stress,0.068,0.86,0.192984,0.84624,0.513754,0.692434,0.253855,0.37344,0.3094,0.6552
drawer_opening,support_surface_change,nominal,0.068,0.1,0.146496,0.430336,0.318106,0.236696,0.113848,0.491808,0.212,0.4028
drawer_opening,support_surface_change,valid_perceptual_shift,0.068,0.44,0.228192,0.448704,0.337805,0.246468,0.118548,0.512112,0.28,0.532
drawer_opening,support_surface_change,valid_geometric_shift,0.068,0.52,0.214944,0.494624,0.403469,0.270897,0.127949,0.573024,0.296,0.5624
drawer_opening,support_surface_change,invalid_physical_shift,0.068,0.64,0.16416,0.788512,0.554496,0.407703,0.189051,0.816672,0.32,0.608
drawer_opening,support_surface_change,contact_frame_break,0.068,0.68,0.168576,0.788512,0.600461,0.334414,0.15145,0.725304,0.328,0.6232
drawer_opening,support_surface_change,affordance_break,0.068,0.68,0.170784,0.788512,0.475699,0.44679,0.16085,0.715152,0.328,0.6232
drawer_opening,support_surface_change,temporal_break,0.068,0.7,0.168576,0.797696,0.462566,0.349072,0.214902,0.694848,0.332,0.6308
drawer_opening,support_surface_change,heldout_mixed_invariance_stress,0.068,0.86,0.210528,0.80688,0.574195,0.427247,0.205501,0.877584,0.364,0.6916
drawer_opening,temporal_order_reversal,nominal,0.068,0.1,0.109872,0.47232,0.242765,0.228534,0.321454,0.177888,0.1484,0.3922
drawer_opening,temporal_order_reversal,valid_perceptual_shift,0.068,0.44,0.171144,0.49248,0.257798,0.237969,0.334725,0.185232,0.196,0.518
drawer_opening,temporal_order_reversal,valid_geometric_shift,0.068,0.52,0.161208,0.54288,0.30791,0.261556,0.361267,0.207264,0.2072,0.5476
drawer_opening,temporal_order_reversal,invalid_physical_shift,0.068,0.64,0.12312,0.86544,0.423168,0.393644,0.533791,0.295392,0.224,0.592
drawer_opening,temporal_order_reversal,contact_frame_break,0.068,0.68,0.126432,0.86544,0.458246,0.322883,0.427622,0.262344,0.2296,0.6068
drawer_opening,temporal_order_reversal,affordance_break,0.068,0.68,0.128088,0.86544,0.363034,0.431384,0.454164,0.258672,0.2296,0.6068
drawer_opening,temporal_order_reversal,temporal_break,0.068,0.7,0.126432,0.87552,0.353011,0.337035,0.606781,0.251328,0.2324,0.6142
drawer_opening,temporal_order_reversal,heldout_mixed_invariance_stress,0.068,0.86,0.157896,0.8856,0.438202,0.412514,0.580239,0.317424,0.2548,0.6734
drawer_opening,mixed_physical_invalidity,nominal,0.068,0.1,0.18312,0.482816,0.368333,0.350963,0.294666,0.429024,0.4134,0.477
drawer_opening,mixed_physical_invalidity,valid_perceptual_shift,0.068,0.44,0.28524,0.503424,0.391142,0.365452,0.306831,0.446736,0.546,0.63
drawer_opening,mixed_physical_invalidity,valid_geometric_shift,0.068,0.52,0.26868,0.554944,0.467174,0.401675,0.331162,0.499872,0.5772,0.666
drawer_opening,mixed_physical_invalidity,invalid_physical_shift,0.068,0.64,0.2052,0.884672,0.642048,0.604525,0.489308,0.712416,0.624,0.72
drawer_opening,mixed_physical_invalidity,contact_frame_break,0.068,0.68,0.21072,0.884672,0.69527,0.495855,0.391987,0.632712,0.6396,0.738
drawer_opening,mixed_physical_invalidity,affordance_break,0.068,0.68,0.21348,0.884672,0.55081,0.662482,0.416317,0.623856,0.6396,0.738
drawer_opening,mixed_physical_invalidity,temporal_break,0.068,0.7,0.21072,0.894976,0.535603,0.517589,0.556216,0.606144,0.6474,0.747
drawer_opening,mixed_physical_invalidity,heldout_mixed_invariance_stress,0.068,0.86,0.26316,0.90528,0.664858,0.633504,0.531886,0.765552,0.7098,0.819
cable_routing,lighting_background_shift,nominal,0.082,0.1,0.5922,0.031488,0.044995,0.028462,0.028253,0.041856,0.0742,0.0742
cable_routing,lighting_background_shift,valid_perceptual_shift,0.082,0.44,0.912176,0.032832,0.047782,0.029637,0.029419,0.043584,0.098,0.098
cable_routing,lighting_background_shift,valid_geometric_shift,0.082,0.52,0.860288,0.036192,0.05707,0.032575,0.031752,0.048768,0.1036,0.1036
cable_routing,lighting_background_shift,invalid_physical_shift,0.082,0.64,0.661384,0.057696,0.078432,0.049025,0.046915,0.069504,0.112,0.112
cable_routing,lighting_background_shift,contact_frame_break,0.082,0.68,0.67868,0.057696,0.084934,0.040212,0.037584,0.061728,0.1148,0.1148
cable_routing,lighting_background_shift,affordance_break,0.082,0.68,0.687328,0.057696,0.067286,0.053725,0.039917,0.060864,0.1148,0.1148
cable_routing,lighting_background_shift,temporal_break,0.082,0.7,0.67868,0.058368,0.065429,0.041975,0.05333,0.059136,0.1162,0.1162
cable_routing,lighting_background_shift,heldout_mixed_invariance_stress,0.082,0.86,0.842992,0.05904,0.081218,0.051375,0.050998,0.074688,0.1274,0.1274
cable_routing,camera_viewpoint_shift,nominal,0.082,0.1,0.5418,0.073472,0.08999,0.042693,0.047088,0.05232,0.0954,0.106
cable_routing,camera_viewpoint_shift,valid_perceptual_shift,0.082,0.44,0.834544,0.076608,0.095563,0.044456,0.049032,0.05448,0.126,0.14
cable_routing,camera_viewpoint_shift,valid_geometric_shift,0.082,0.52,0.787072,0.084448,0.114139,0.048862,0.05292,0.06096,0.1332,0.148
cable_routing,camera_viewpoint_shift,invalid_physical_shift,0.082,0.64,0.605096,0.134624,0.156864,0.073538,0.078192,0.08688,0.144,0.16
cable_routing,camera_viewpoint_shift,contact_frame_break,0.082,0.68,0.62092,0.134624,0.169867,0.060319,0.06264,0.07716,0.1476,0.164
cable_routing,camera_viewpoint_shift,affordance_break,0.082,0.68,0.628832,0.134624,0.134573,0.080588,0.066528,0.07608,0.1476,0.164
cable_routing,camera_viewpoint_shift,temporal_break,0.082,0.7,0.62092,0.136192,0.130858,0.062963,0.088884,0.07392,0.1494,0.166
cable_routing,camera_viewpoint_shift,heldout_mixed_invariance_stress,0.082,0.86,0.771248,0.13776,0.162437,0.077063,0.084996,0.09336,0.1638,0.182
cable_routing,se2_pose_transform,nominal,0.082,0.1,0.4788,0.115456,0.125987,0.06404,0.065923,0.083712,0.1272,0.1484
cable_routing,se2_pose_transform,valid_perceptual_shift,0.082,0.44,0.737504,0.120384,0.133788,0.066684,0.068645,0.087168,0.168,0.196
cable_routing,se2_pose_transform,valid_geometric_shift,0.082,0.52,0.695552,0.132704,0.159795,0.073293,0.074088,0.097536,0.1776,0.2072
cable_routing,se2_pose_transform,invalid_physical_shift,0.082,0.64,0.534736,0.211552,0.21961,0.110307,0.109469,0.139008,0.192,0.224
cable_routing,se2_pose_transform,contact_frame_break,0.082,0.68,0.54872,0.211552,0.237814,0.090478,0.087696,0.123456,0.1968,0.2296
cable_routing,se2_pose_transform,affordance_break,0.082,0.68,0.555712,0.211552,0.188402,0.120882,0.093139,0.121728,0.1968,0.2296
cable_routing,se2_pose_transform,temporal_break,0.082,0.7,0.54872,0.214016,0.183201,0.094444,0.124438,0.118272,0.1992,0.2324
cable_routing,se2_pose_transform,heldout_mixed_invariance_stress,0.082,0.86,0.681568,0.21648,0.227412,0.115595,0.118994,0.149376,0.2184,0.2548
cable_routing,object_scale_fixture_shift,nominal,0.082,0.1,0.2898,0.31488,0.260972,0.156541,0.131846,0.282528,0.4876,0.318
cable_routing,object_scale_fixture_shift,valid_perceptual_shift,0.082,0.44,0.446384,0.32832,0.277133,0.163004,0.13729,0.294192,0.644,0.42
cable_routing,object_scale_fixture_shift,valid_geometric_shift,0.082,0.52,0.420992,0.36192,0.331004,0.179161,0.148176,0.329184,0.6808,0.444
cable_routing,object_scale_fixture_shift,invalid_physical_shift,0.082,0.64,0.323656,0.57696,0.454906,0.269639,0.218938,0.469152,0.736,0.48
cable_routing,object_scale_fixture_shift,contact_frame_break,0.082,0.68,0.33212,0.57696,0.492615,0.221169,0.175392,0.416664,0.7544,0.492
cable_routing,object_scale_fixture_shift,affordance_break,0.082,0.68,0.336352,0.57696,0.390261,0.29549,0.186278,0.410832,0.7544,0.492
cable_routing,object_scale_fixture_shift,temporal_break,0.082,0.7,0.33212,0.58368,0.379487,0.230863,0.248875,0.399168,0.7636,0.498
cable_routing,object_scale_fixture_shift,heldout_mixed_invariance_stress,0.082,0.86,0.412528,0.5904,0.471067,0.282564,0.237989,0.504144,0.8372,0.546
cable_routing,mirror_handed_contact,nominal,0.082,0.1,0.126,0.461824,0.422955,0.149426,0.094176,0.15696,0.1484,0.424
cable_routing,mirror_handed_contact,valid_perceptual_shift,0.082,0.44,0.19408,0.481536,0.449147,0.155595,0.098064,0.16344,0.196,0.56
cable_routing,mirror_handed_contact,valid_geometric_shift,0.082,0.52,0.18304,0.530816,0.536454,0.171017,0.10584,0.18288,0.2072,0.592
cable_routing,mirror_handed_contact,invalid_physical_shift,0.082,0.64,0.14072,0.846208,0.737261,0.257383,0.156384,0.26064,0.224,0.64
cable_routing,mirror_handed_contact,contact_frame_break,0.082,0.68,0.1444,0.846208,0.798376,0.211116,0.12528,0.23148,0.2296,0.656
cable_routing,mirror_handed_contact,affordance_break,0.082,0.68,0.14624,0.846208,0.632492,0.282059,0.133056,0.22824,0.2296,0.656
cable_routing,mirror_handed_contact,temporal_break,0.082,0.7,0.1444,0.856064,0.615031,0.220369,0.177768,0.22176,0.2324,0.664
cable_routing,mirror_handed_contact,heldout_mixed_invariance_stress,0.082,0.86,0.17936,0.86592,0.763453,0.269721,0.169992,0.28008,0.2548,0.728
cable_routing,material_friction_swap,nominal,0.082,0.1,0.1134,0.440832,0.386959,0.227697,0.113011,0.345312,0.1696,0.4134
cable_routing,material_friction_swap,valid_perceptual_shift,0.082,0.44,0.174672,0.459648,0.410922,0.237097,0.117677,0.359568,0.224,0.546
cable_routing,material_friction_swap,valid_geometric_shift,0.082,0.52,0.164736,0.506688,0.490799,0.260598,0.127008,0.402336,0.2368,0.5772
cable_routing,material_friction_swap,invalid_physical_shift,0.082,0.64,0.126648,0.807744,0.674515,0.392202,0.187661,0.573408,0.256,0.624
cable_routing,material_friction_swap,contact_frame_break,0.082,0.68,0.12996,0.807744,0.730429,0.3217,0.150336,0.509256,0.2624,0.6396
cable_routing,material_friction_swap,affordance_break,0.082,0.68,0.131616,0.807744,0.578663,0.429804,0.159667,0.502128,0.2624,0.6396
cable_routing,material_friction_swap,temporal_break,0.082,0.7,0.12996,0.817152,0.562688,0.3358,0.213322,0.487872,0.2656,0.6474
cable_routing,material_friction_swap,heldout_mixed_invariance_stress,0.082,0.86,0.161424,0.82656,0.698478,0.411003,0.20399,0.616176,0.2912,0.7098
cable_routing,tool_affordance_swap,nominal,0.082,0.1,0.1386,0.451328,0.305967,0.334429,0.19777,0.20928,0.1802,0.3816
cable_routing,tool_affordance_swap,valid_perceptual_shift,0.082,0.44,0.213488,0.470592,0.324915,0.348236,0.205934,0.21792,0.238,0.504
cable_routing,tool_affordance_swap,valid_geometric_shift,0.082,0.52,0.201344,0.518752,0.388073,0.382753,0.222264,0.24384,0.2516,0.5328
cable_routing,tool_affordance_swap,invalid_physical_shift,0.082,0.64,0.154792,0.826976,0.533338,0.576047,0.328406,0.34752,0.272,0.576
cable_routing,tool_affordance_swap,contact_frame_break,0.082,0.68,0.15884,0.826976,0.577548,0.472497,0.263088,0.30864,0.2788,0.5904
cable_routing,tool_affordance_swap,affordance_break,0.082,0.68,0.160864,0.826976,0.457548,0.631274,0.279418,0.30432,0.2788,0.5904
cable_routing,tool_affordance_swap,temporal_break,0.082,0.7,0.15884,0.836608,0.444916,0.493207,0.373313,0.29568,0.2822,0.5976
cable_routing,tool_affordance_swap,heldout_mixed_invariance_stress,0.082,0.86,0.197296,0.84624,0.552285,0.60366,0.356983,0.37344,0.3094,0.6552
cable_routing,support_surface_change,nominal,0.082,0.1,0.1512,0.430336,0.341964,0.20635,0.160099,0.491808,0.212,0.4028
cable_routing,support_surface_change,valid_perceptual_shift,0.082,0.44,0.232896,0.448704,0.36314,0.214869,0.166709,0.512112,0.28,0.532
cable_routing,support_surface_change,valid_geometric_shift,0.082,0.52,0.219648,0.494624,0.433729,0.236167,0.179928,0.573024,0.296,0.5624
cable_routing,support_surface_change,invalid_physical_shift,0.082,0.64,0.168864,0.788512,0.596083,0.355433,0.265853,0.816672,0.32,0.608
cable_routing,support_surface_change,contact_frame_break,0.082,0.68,0.17328,0.788512,0.645495,0.29154,0.212976,0.725304,0.328,0.6232
cable_routing,support_surface_change,affordance_break,0.082,0.68,0.175488,0.788512,0.511377,0.389509,0.226195,0.715152,0.328,0.6232
cable_routing,support_surface_change,temporal_break,0.082,0.7,0.17328,0.797696,0.497259,0.304319,0.302206,0.694848,0.332,0.6308
cable_routing,support_surface_change,heldout_mixed_invariance_stress,0.082,0.86,0.215232,0.80688,0.61726,0.372471,0.288986,0.877584,0.364,0.6916
cable_routing,temporal_order_reversal,nominal,0.082,0.1,0.1134,0.47232,0.260972,0.199235,0.452045,0.177888,0.1484,0.3922
cable_routing,temporal_order_reversal,valid_perceptual_shift,0.082,0.44,0.174672,0.49248,0.277133,0.20746,0.470707,0.185232,0.196,0.518
cable_routing,temporal_order_reversal,valid_geometric_shift,0.082,0.52,0.164736,0.54288,0.331004,0.228023,0.508032,0.207264,0.2072,0.5476
cable_routing,temporal_order_reversal,invalid_physical_shift,0.082,0.64,0.126648,0.86544,0.454906,0.343177,0.750643,0.295392,0.224,0.592
cable_routing,temporal_order_reversal,contact_frame_break,0.082,0.68,0.12996,0.86544,0.492615,0.281487,0.601344,0.262344,0.2296,0.6068
cable_routing,temporal_order_reversal,affordance_break,0.082,0.68,0.131616,0.86544,0.390261,0.376078,0.638669,0.258672,0.2296,0.6068
cable_routing,temporal_order_reversal,temporal_break,0.082,0.7,0.12996,0.87552,0.379487,0.293825,0.853286,0.251328,0.2324,0.6142
cable_routing,temporal_order_reversal,heldout_mixed_invariance_stress,0.082,0.86,0.161424,0.8856,0.471067,0.359628,0.815962,0.317424,0.2548,0.6734
cable_routing,mixed_physical_invalidity,nominal,0.082,0.1,0.189,0.482816,0.395958,0.305967,0.414374,0.429024,0.4134,0.477
cable_routing,mixed_physical_invalidity,valid_perceptual_shift,0.082,0.44,0.29112,0.503424,0.420478,0.318599,0.431482,0.446736,0.546,0.63
cable_routing,mixed_physical_invalidity,valid_geometric_shift,0.082,0.52,0.27456,0.554944,0.502212,0.350178,0.465696,0.499872,0.5772,0.666
cable_routing,mixed_physical_invalidity,invalid_physical_shift,0.082,0.64,0.21108,0.884672,0.690202,0.527022,0.68809,0.712416,0.624,0.72
cable_routing,mixed_physical_invalidity,contact_frame_break,0.082,0.68,0.2166,0.884672,0.747416,0.432284,0.551232,0.632712,0.6396,0.738
cable_routing,mixed_physical_invalidity,affordance_break,0.082,0.68,0.21936,0.884672,0.59212,0.577548,0.585446,0.623856,0.6396,0.738
cable_routing,mixed_physical_invalidity,temporal_break,0.082,0.7,0.2166,0.894976,0.575773,0.451232,0.782179,0.606144,0.6474,0.747
cable_routing,mixed_physical_invalidity,heldout_mixed_invariance_stress,0.082,0.86,0.26904,0.90528,0.714722,0.552285,0.747965,0.765552,0.7098,0.819
tool_use,lighting_background_shift,nominal,0.078,0.1,0.584304,0.031488,0.038717,0.039345,0.023858,0.041856,0.0742,0.0742
tool_use,lighting_background_shift,valid_perceptual_shift,0.078,0.44,0.90428,0.032832,0.041114,0.040969,0.024843,0.043584,0.098,0.098
tool_use,lighting_background_shift,valid_geometric_shift,0.078,0.52,0.852392,0.036192,0.049106,0.04503,0.026813,0.048768,0.1036,0.1036
tool_use,lighting_background_shift,invalid_physical_shift,0.078,0.64,0.653488,0.057696,0.067488,0.06777,0.039617,0.069504,0.112,0.112
tool_use,lighting_background_shift,contact_frame_break,0.078,0.68,0.670784,0.057696,0.073082,0.055588,0.031738,0.061728,0.1148,0.1148
tool_use,lighting_background_shift,affordance_break,0.078,0.68,0.679432,0.057696,0.057898,0.074268,0.033708,0.060864,0.1148,0.1148
tool_use,lighting_background_shift,temporal_break,0.078,0.7,0.670784,0.058368,0.056299,0.058024,0.045035,0.059136,0.1162,0.1162
tool_use,lighting_background_shift,heldout_mixed_invariance_stress,0.078,0.86,0.835096,0.05904,0.069886,0.071019,0.043065,0.074688,0.1274,0.1274
tool_use,camera_viewpoint_shift,nominal,0.078,0.1,0.534576,0.073472,0.077434,0.059017,0.039763,0.05232,0.0954,0.106
tool_use,camera_viewpoint_shift,valid_perceptual_shift,0.078,0.44,0.82732,0.076608,0.082229,0.061453,0.041405,0.05448,0.126,0.14
tool_use,camera_viewpoint_shift,valid_geometric_shift,0.078,0.52,0.779848,0.084448,0.098213,0.067545,0.044688,0.06096,0.1332,0.148
tool_use,camera_viewpoint_shift,invalid_physical_shift,0.078,0.64,0.597872,0.134624,0.134976,0.101655,0.066029,0.08688,0.144,0.16
tool_use,camera_viewpoint_shift,contact_frame_break,0.078,0.68,0.613696,0.134624,0.146165,0.083382,0.052896,0.07716,0.1476,0.164
tool_use,camera_viewpoint_shift,affordance_break,0.078,0.68,0.621608,0.134624,0.115795,0.111401,0.056179,0.07608,0.1476,0.164
tool_use,camera_viewpoint_shift,temporal_break,0.078,0.7,0.613696,0.136192,0.112598,0.087036,0.075058,0.07392,0.1494,0.166
tool_use,camera_viewpoint_shift,heldout_mixed_invariance_stress,0.078,0.86,0.764024,0.13776,0.139771,0.106528,0.071774,0.09336,0.1638,0.182
tool_use,se2_pose_transform,nominal,0.078,0.1,0.472416,0.115456,0.108407,0.088525,0.055668,0.083712,0.1272,0.1484
tool_use,se2_pose_transform,valid_perceptual_shift,0.078,0.44,0.73112,0.120384,0.11512,0.09218,0.057967,0.087168,0.168,0.196
tool_use,se2_pose_transform,valid_geometric_shift,0.078,0.52,0.689168,0.132704,0.137498,0.101317,0.062563,0.097536,0.1776,0.2072
tool_use,se2_pose_transform,invalid_physical_shift,0.078,0.64,0.528352,0.211552,0.188966,0.152483,0.09244,0.139008,0.192,0.224
tool_use,se2_pose_transform,contact_frame_break,0.078,0.68,0.542336,0.211552,0.204631,0.125073,0.074054,0.123456,0.1968,0.2296
tool_use,se2_pose_transform,affordance_break,0.078,0.68,0.549328,0.211552,0.162113,0.167102,0.078651,0.121728,0.1968,0.2296
tool_use,se2_pose_transform,temporal_break,0.078,0.7,0.542336,0.214016,0.157638,0.130555,0.105081,0.118272,0.1992,0.2324
tool_use,se2_pose_transform,heldout_mixed_invariance_stress,0.078,0.86,0.675184,0.21648,0.19568,0.159792,0.100484,0.149376,0.2184,0.2548
tool_use,object_scale_fixture_shift,nominal,0.078,0.1,0.285936,0.31488,0.224557,0.216396,0.111337,0.282528,0.4876,0.318
tool_use,object_scale_fixture_shift,valid_perceptual_shift,0.078,0.44,0.44252,0.32832,0.238464,0.225329,0.115933,0.294192,0.644,0.42
tool_use,object_scale_fixture_shift,valid_geometric_shift,0.078,0.52,0.417128,0.36192,0.284817,0.247664,0.125126,0.329184,0.6808,0.444
tool_use,object_scale_fixture_shift,invalid_physical_shift,0.078,0.64,0.319792,0.57696,0.39143,0.372736,0.184881,0.469152,0.736,0.48
tool_use,object_scale_fixture_shift,contact_frame_break,0.078,0.68,0.328256,0.57696,0.423878,0.305733,0.148109,0.416664,0.7544,0.492
tool_use,object_scale_fixture_shift,affordance_break,0.078,0.68,0.332488,0.57696,0.335806,0.408471,0.157302,0.410832,0.7544,0.492
tool_use,object_scale_fixture_shift,temporal_break,0.078,0.7,0.328256,0.58368,0.326535,0.319134,0.210161,0.399168,0.7636,0.498
tool_use,object_scale_fixture_shift,heldout_mixed_invariance_stress,0.078,0.86,0.408664,0.5904,0.405336,0.390604,0.200968,0.504144,0.8372,0.546
tool_use,mirror_handed_contact,nominal,0.078,0.1,0.12432,0.461824,0.363938,0.206559,0.079526,0.15696,0.1484,0.424
tool_use,mirror_handed_contact,valid_perceptual_shift,0.078,0.44,0.1924,0.481536,0.386475,0.215087,0.08281,0.16344,0.196,0.56
tool_use,mirror_handed_contact,valid_geometric_shift,0.078,0.52,0.18136,0.530816,0.4616,0.236406,0.089376,0.18288,0.2072,0.592
tool_use,mirror_handed_contact,invalid_physical_shift,0.078,0.64,0.13904,0.846208,0.634387,0.355794,0.132058,0.26064,0.224,0.64
tool_use,mirror_handed_contact,contact_frame_break,0.078,0.68,0.14272,0.846208,0.686975,0.291836,0.105792,0.23148,0.2296,0.656
tool_use,mirror_handed_contact,affordance_break,0.078,0.68,0.14456,0.846208,0.544237,0.389904,0.112358,0.22824,0.2296,0.656
tool_use,mirror_handed_contact,temporal_break,0.078,0.7,0.14272,0.856064,0.529212,0.304628,0.150115,0.22176,0.2324,0.664
tool_use,mirror_handed_contact,heldout_mixed_invariance_stress,0.078,0.86,0.17768,0.86592,0.656925,0.372849,0.143549,0.28008,0.2548,0.728
tool_use,material_friction_swap,nominal,0.078,0.1,0.111888,0.440832,0.332964,0.314757,0.095432,0.345312,0.1696,0.4134
tool_use,material_friction_swap,valid_perceptual_shift,0.078,0.44,0.17316,0.459648,0.353584,0.327752,0.099372,0.359568,0.224,0.546
tool_use,material_friction_swap,valid_geometric_shift,0.078,0.52,0.163224,0.506688,0.422315,0.360238,0.107251,0.402336,0.2368,0.5772
tool_use,material_friction_swap,invalid_physical_shift,0.078,0.64,0.125136,0.807744,0.580397,0.542162,0.158469,0.573408,0.256,0.624
tool_use,material_friction_swap,contact_frame_break,0.078,0.68,0.128448,0.807744,0.628509,0.444703,0.12695,0.509256,0.2624,0.6396
tool_use,material_friction_swap,affordance_break,0.078,0.68,0.130104,0.807744,0.497919,0.59414,0.13483,0.502128,0.2624,0.6396
tool_use,material_friction_swap,temporal_break,0.078,0.7,0.128448,0.817152,0.484173,0.464195,0.180138,0.487872,0.2656,0.6474
tool_use,material_friction_swap,heldout_mixed_invariance_stress,0.078,0.86,0.159912,0.82656,0.601016,0.568151,0.172259,0.616176,0.2912,0.7098
tool_use,tool_affordance_swap,nominal,0.078,0.1,0.136752,0.451328,0.263274,0.4623,0.167005,0.20928,0.1802,0.3816
tool_use,tool_affordance_swap,valid_perceptual_shift,0.078,0.44,0.21164,0.470592,0.279578,0.481385,0.1739,0.21792,0.238,0.504
tool_use,tool_affordance_swap,valid_geometric_shift,0.078,0.52,0.199496,0.518752,0.333924,0.5291,0.18769,0.24384,0.2516,0.5328
tool_use,tool_affordance_swap,invalid_physical_shift,0.078,0.64,0.152944,0.826976,0.458918,0.7963,0.277321,0.34752,0.272,0.576
tool_use,tool_affordance_swap,contact_frame_break,0.078,0.68,0.156992,0.826976,0.49696,0.653157,0.222163,0.30864,0.2788,0.5904
tool_use,tool_affordance_swap,affordance_break,0.078,0.68,0.159016,0.826976,0.393704,0.872643,0.235953,0.30432,0.2788,0.5904
tool_use,tool_affordance_swap,temporal_break,0.078,0.7,0.156992,0.836608,0.382835,0.681786,0.315242,0.29568,0.2822,0.5976
tool_use,tool_affordance_swap,heldout_mixed_invariance_stress,0.078,0.86,0.195448,0.84624,0.475222,0.834472,0.301452,0.37344,0.3094,0.6552
tool_use,support_surface_change,nominal,0.078,0.1,0.149184,0.430336,0.294248,0.285249,0.135195,0.491808,0.212,0.4028
tool_use,support_surface_change,valid_perceptual_shift,0.078,0.44,0.23088,0.448704,0.312469,0.297025,0.140776,0.512112,0.28,0.532
tool_use,support_surface_change,valid_geometric_shift,0.078,0.52,0.217632,0.494624,0.373209,0.326466,0.151939,0.573024,0.296,0.5624
tool_use,support_surface_change,invalid_physical_shift,0.078,0.64,0.166848,0.788512,0.512909,0.491334,0.224498,0.816672,0.32,0.608
tool_use,support_surface_change,contact_frame_break,0.078,0.68,0.171264,0.788512,0.555426,0.403012,0.179846,0.725304,0.328,0.6232
tool_use,support_surface_change,affordance_break,0.078,0.68,0.173472,0.788512,0.440022,0.53844,0.191009,0.715152,0.328,0.6232
tool_use,support_surface_change,temporal_break,0.078,0.7,0.171264,0.797696,0.427874,0.420676,0.255196,0.694848,0.332,0.6308
tool_use,support_surface_change,heldout_mixed_invariance_stress,0.078,0.86,0.213216,0.80688,0.531131,0.514887,0.244033,0.877584,0.364,0.6916
tool_use,temporal_order_reversal,nominal,0.078,0.1,0.111888,0.47232,0.224557,0.275412,0.381727,0.177888,0.1484,0.3922
tool_use,temporal_order_reversal,valid_perceptual_shift,0.078,0.44,0.17316,0.49248,0.238464,0.286783,0.397486,0.185232,0.196,0.518
tool_use,temporal_order_reversal,valid_geometric_shift,0.078,0.52,0.163224,0.54288,0.284817,0.315208,0.429005,0.207264,0.2072,0.5476
tool_use,temporal_order_reversal,invalid_physical_shift,0.078,0.64,0.125136,0.86544,0.39143,0.474392,0.633876,0.295392,0.224,0.592
tool_use,temporal_order_reversal,contact_frame_break,0.078,0.68,0.128448,0.86544,0.423878,0.389115,0.507802,0.262344,0.2296,0.6068
tool_use,temporal_order_reversal,affordance_break,0.078,0.68,0.130104,0.86544,0.335806,0.519873,0.53932,0.258672,0.2296,0.6068
tool_use,temporal_order_reversal,temporal_break,0.078,0.7,0.128448,0.87552,0.326535,0.40617,0.720553,0.251328,0.2324,0.6142
tool_use,temporal_order_reversal,heldout_mixed_invariance_stress,0.078,0.86,0.159912,0.8856,0.405336,0.497132,0.689034,0.317424,0.2548,0.6734
tool_use,mixed_physical_invalidity,nominal,0.078,0.1,0.18648,0.482816,0.340708,0.422955,0.349916,0.429024,0.4134,0.477
tool_use,mixed_physical_invalidity,valid_perceptual_shift,0.078,0.44,0.2886,0.503424,0.361807,0.440416,0.364362,0.446736,0.546,0.63
tool_use,mixed_physical_invalidity,valid_geometric_shift,0.078,0.52,0.27204,0.554944,0.432136,0.48407,0.393254,0.499872,0.5772,0.666
tool_use,mixed_physical_invalidity,invalid_physical_shift,0.078,0.64,0.20856,0.884672,0.593894,0.72853,0.581053,0.712416,0.624,0.72
tool_use,mixed_physical_invalidity,contact_frame_break,0.078,0.68,0.21408,0.884672,0.643125,0.597569,0.465485,0.632712,0.6396,0.738
tool_use,mixed_physical_invalidity,affordance_break,0.078,0.68,0.21684,0.884672,0.509499,0.798376,0.494377,0.623856,0.6396,0.738
tool_use,mixed_physical_invalidity,temporal_break,0.078,0.7,0.21408,0.894976,0.495433,0.623761,0.660507,0.606144,0.6474,0.747
tool_use,mixed_physical_invalidity,heldout_mixed_invariance_stress,0.078,0.86,0.26652,0.90528,0.614993,0.763453,0.631615,0.765552,0.7098,0.819
mobile_pick_and_place,lighting_background_shift,nominal,0.072,0.1,0.615888,0.031488,0.032438,0.030136,0.020719,0.041856,0.0742,0.0742
mobile_pick_and_place,lighting_background_shift,valid_perceptual_shift,0.072,0.44,0.935864,0.032832,0.034447,0.03138,0.021574,0.043584,0.098,0.098
mobile_pick_and_place,lighting_background_shift,valid_geometric_shift,0.072,0.52,0.883976,0.036192,0.041143,0.034491,0.023285,0.048768,0.1036,0.1036
mobile_pick_and_place,lighting_background_shift,invalid_physical_shift,0.072,0.64,0.685072,0.057696,0.056544,0.051909,0.034404,0.069504,0.112,0.112
mobile_pick_and_place,lighting_background_shift,contact_frame_break,0.072,0.68,0.702368,0.057696,0.061231,0.042578,0.027562,0.061728,0.1148,0.1148
mobile_pick_and_place,lighting_background_shift,affordance_break,0.072,0.68,0.711016,0.057696,0.048509,0.056886,0.029272,0.060864,0.1148,0.1148
mobile_pick_and_place,lighting_background_shift,temporal_break,0.072,0.7,0.702368,0.058368,0.04717,0.044444,0.039109,0.059136,0.1162,0.1162
mobile_pick_and_place,lighting_background_shift,heldout_mixed_invariance_stress,0.072,0.86,0.86668,0.05904,0.058553,0.054397,0.037398,0.074688,0.1274,0.1274
mobile_pick_and_place,camera_viewpoint_shift,nominal,0.072,0.1,0.563472,0.073472,0.064877,0.045204,0.034531,0.05232,0.0954,0.106
mobile_pick_and_place,camera_viewpoint_shift,valid_perceptual_shift,0.072,0.44,0.856216,0.076608,0.068894,0.047071,0.035957,0.05448,0.126,0.14
mobile_pick_and_place,camera_viewpoint_shift,valid_geometric_shift,0.072,0.52,0.808744,0.084448,0.082286,0.051736,0.038808,0.06096,0.1332,0.148
mobile_pick_and_place,camera_viewpoint_shift,invalid_physical_shift,0.072,0.64,0.626768,0.134624,0.113088,0.077864,0.057341,0.08688,0.144,0.16
mobile_pick_and_place,camera_viewpoint_shift,contact_frame_break,0.072,0.68,0.642592,0.134624,0.122462,0.063867,0.045936,0.07716,0.1476,0.164
mobile_pick_and_place,camera_viewpoint_shift,affordance_break,0.072,0.68,0.650504,0.134624,0.097018,0.085329,0.048787,0.07608,0.1476,0.164
mobile_pick_and_place,camera_viewpoint_shift,temporal_break,0.072,0.7,0.642592,0.136192,0.094339,0.066666,0.065182,0.07392,0.1494,0.166
mobile_pick_and_place,camera_viewpoint_shift,heldout_mixed_invariance_stress,0.072,0.86,0.79292,0.13776,0.117106,0.081596,0.06233,0.09336,0.1638,0.182
mobile_pick_and_place,se2_pose_transform,nominal,0.072,0.1,0.497952,0.115456,0.090828,0.067807,0.048344,0.083712,0.1272,0.1484
mobile_pick_and_place,se2_pose_transform,valid_perceptual_shift,0.072,0.44,0.756656,0.120384,0.096452,0.070606,0.05034,0.087168,0.168,0.196
mobile_pick_and_place,se2_pose_transform,valid_geometric_shift,0.072,0.52,0.714704,0.132704,0.115201,0.077604,0.054331,0.097536,0.1776,0.2072
mobile_pick_and_place,se2_pose_transform,invalid_physical_shift,0.072,0.64,0.553888,0.211552,0.158323,0.116796,0.080277,0.139008,0.192,0.224
mobile_pick_and_place,se2_pose_transform,contact_frame_break,0.072,0.68,0.567872,0.211552,0.171447,0.0958,0.06431,0.123456,0.1968,0.2296
mobile_pick_and_place,se2_pose_transform,affordance_break,0.072,0.68,0.574864,0.211552,0.135825,0.127993,0.068302,0.121728,0.1968,0.2296
mobile_pick_and_place,se2_pose_transform,temporal_break,0.072,0.7,0.567872,0.214016,0.132075,0.099999,0.091254,0.118272,0.1992,0.2324
mobile_pick_and_place,se2_pose_transform,heldout_mixed_invariance_stress,0.072,0.86,0.70072,0.21648,0.163948,0.122394,0.087263,0.149376,0.2184,0.2548
mobile_pick_and_place,object_scale_fixture_shift,nominal,0.072,0.1,0.301392,0.31488,0.188143,0.16575,0.096687,0.282528,0.4876,0.318
mobile_pick_and_place,object_scale_fixture_shift,valid_perceptual_shift,0.072,0.44,0.457976,0.32832,0.199794,0.172593,0.100679,0.294192,0.644,0.42
mobile_pick_and_place,object_scale_fixture_shift,valid_geometric_shift,0.072,0.52,0.432584,0.36192,0.238631,0.1897,0.108662,0.329184,0.6808,0.444
mobile_pick_and_place,object_scale_fixture_shift,invalid_physical_shift,0.072,0.64,0.335248,0.57696,0.327955,0.2855,0.160554,0.469152,0.736,0.48
mobile_pick_and_place,object_scale_fixture_shift,contact_frame_break,0.072,0.68,0.343712,0.57696,0.355141,0.234179,0.128621,0.416664,0.7544,0.492
mobile_pick_and_place,object_scale_fixture_shift,affordance_break,0.072,0.68,0.347944,0.57696,0.281351,0.312872,0.136604,0.410832,0.7544,0.492
mobile_pick_and_place,object_scale_fixture_shift,temporal_break,0.072,0.7,0.343712,0.58368,0.273584,0.244443,0.182508,0.399168,0.7636,0.498
mobile_pick_and_place,object_scale_fixture_shift,heldout_mixed_invariance_stress,0.072,0.86,0.42412,0.5904,0.339606,0.299186,0.174525,0.504144,0.8372,0.546
mobile_pick_and_place,mirror_handed_contact,nominal,0.072,0.1,0.13104,0.461824,0.304921,0.158216,0.069062,0.15696,0.1484,0.424
mobile_pick_and_place,mirror_handed_contact,valid_perceptual_shift,0.072,0.44,0.19912,0.481536,0.323804,0.164748,0.071914,0.16344,0.196,0.56
mobile_pick_and_place,mirror_handed_contact,valid_geometric_shift,0.072,0.52,0.18808,0.530816,0.386746,0.181077,0.077616,0.18288,0.2072,0.592
mobile_pick_and_place,mirror_handed_contact,invalid_physical_shift,0.072,0.64,0.14576,0.846208,0.531514,0.272523,0.114682,0.26064,0.224,0.64
mobile_pick_and_place,mirror_handed_contact,contact_frame_break,0.072,0.68,0.14944,0.846208,0.575573,0.223534,0.091872,0.23148,0.2296,0.656
mobile_pick_and_place,mirror_handed_contact,affordance_break,0.072,0.68,0.15128,0.846208,0.455983,0.29865,0.097574,0.22824,0.2296,0.656
mobile_pick_and_place,mirror_handed_contact,temporal_break,0.072,0.7,0.14944,0.856064,0.443394,0.233332,0.130363,0.22176,0.2324,0.664
mobile_pick_and_place,mirror_handed_contact,heldout_mixed_invariance_stress,0.072,0.86,0.1844,0.86592,0.550396,0.285587,0.124661,0.28008,0.2548,0.728
mobile_pick_and_place,material_friction_swap,nominal,0.072,0.1,0.117936,0.440832,0.27897,0.241091,0.082875,0.345312,0.1696,0.4134
mobile_pick_and_place,material_friction_swap,valid_perceptual_shift,0.072,0.44,0.179208,0.459648,0.296246,0.251044,0.086296,0.359568,0.224,0.546
mobile_pick_and_place,material_friction_swap,valid_geometric_shift,0.072,0.52,0.169272,0.506688,0.353832,0.275927,0.093139,0.402336,0.2368,0.5772
mobile_pick_and_place,material_friction_swap,invalid_physical_shift,0.072,0.64,0.131184,0.807744,0.486278,0.415273,0.137618,0.573408,0.256,0.624
mobile_pick_and_place,material_friction_swap,contact_frame_break,0.072,0.68,0.134496,0.807744,0.526588,0.340623,0.110246,0.509256,0.2624,0.6396
mobile_pick_and_place,material_friction_swap,affordance_break,0.072,0.68,0.136152,0.807744,0.417176,0.455086,0.117089,0.502128,0.2624,0.6396
mobile_pick_and_place,material_friction_swap,temporal_break,0.072,0.7,0.134496,0.817152,0.405659,0.355553,0.156436,0.487872,0.2656,0.6474
mobile_pick_and_place,material_friction_swap,heldout_mixed_invariance_stress,0.072,0.86,0.16596,0.82656,0.503554,0.43518,0.149593,0.616176,0.2912,0.7098
mobile_pick_and_place,tool_affordance_swap,nominal,0.072,0.1,0.144144,0.451328,0.220581,0.354102,0.145031,0.20928,0.1802,0.3816
mobile_pick_and_place,tool_affordance_swap,valid_perceptual_shift,0.072,0.44,0.219032,0.470592,0.234241,0.368721,0.151019,0.21792,0.238,0.504
mobile_pick_and_place,tool_affordance_swap,valid_geometric_shift,0.072,0.52,0.206888,0.518752,0.279774,0.405268,0.162994,0.24384,0.2516,0.5328
mobile_pick_and_place,tool_affordance_swap,invalid_physical_shift,0.072,0.64,0.160336,0.826976,0.384499,0.609932,0.240831,0.34752,0.272,0.576
mobile_pick_and_place,tool_affordance_swap,contact_frame_break,0.072,0.68,0.164384,0.826976,0.416372,0.500291,0.192931,0.30864,0.2788,0.5904
mobile_pick_and_place,tool_affordance_swap,affordance_break,0.072,0.68,0.166408,0.826976,0.32986,0.668408,0.204906,0.30432,0.2788,0.5904
mobile_pick_and_place,tool_affordance_swap,temporal_break,0.072,0.7,0.164384,0.836608,0.320753,0.522219,0.273763,0.29568,0.2822,0.5976
mobile_pick_and_place,tool_affordance_swap,heldout_mixed_invariance_stress,0.072,0.86,0.20284,0.84624,0.398159,0.63917,0.261788,0.37344,0.3094,0.6552
mobile_pick_and_place,support_surface_change,nominal,0.072,0.1,0.157248,0.430336,0.246532,0.218488,0.117406,0.491808,0.212,0.4028
mobile_pick_and_place,support_surface_change,valid_perceptual_shift,0.072,0.44,0.238944,0.448704,0.261799,0.227508,0.122253,0.512112,0.28,0.532
mobile_pick_and_place,support_surface_change,valid_geometric_shift,0.072,0.52,0.225696,0.494624,0.312688,0.250059,0.131947,0.573024,0.296,0.5624
mobile_pick_and_place,support_surface_change,invalid_physical_shift,0.072,0.64,0.174912,0.788512,0.429734,0.376341,0.194959,0.816672,0.32,0.608
mobile_pick_and_place,support_surface_change,contact_frame_break,0.072,0.68,0.179328,0.788512,0.465357,0.30869,0.156182,0.725304,0.328,0.6232
mobile_pick_and_place,support_surface_change,affordance_break,0.072,0.68,0.181536,0.788512,0.368667,0.412422,0.165876,0.715152,0.328,0.6232
mobile_pick_and_place,support_surface_change,temporal_break,0.072,0.7,0.179328,0.797696,0.358489,0.32222,0.221617,0.694848,0.332,0.6308
mobile_pick_and_place,support_surface_change,heldout_mixed_invariance_stress,0.072,0.86,0.22128,0.80688,0.445001,0.394381,0.211923,0.877584,0.364,0.6916
mobile_pick_and_place,temporal_order_reversal,nominal,0.072,0.1,0.117936,0.47232,0.188143,0.210954,0.3315,0.177888,0.1484,0.3922
mobile_pick_and_place,temporal_order_reversal,valid_perceptual_shift,0.072,0.44,0.179208,0.49248,0.199794,0.219663,0.345185,0.185232,0.196,0.518
mobile_pick_and_place,temporal_order_reversal,valid_geometric_shift,0.072,0.52,0.169272,0.54288,0.238631,0.241436,0.372557,0.207264,0.2072,0.5476
mobile_pick_and_place,temporal_order_reversal,invalid_physical_shift,0.072,0.64,0.131184,0.86544,0.327955,0.363364,0.550472,0.295392,0.224,0.592
mobile_pick_and_place,temporal_order_reversal,contact_frame_break,0.072,0.68,0.134496,0.86544,0.355141,0.298045,0.440986,0.262344,0.2296,0.6068
mobile_pick_and_place,temporal_order_reversal,affordance_break,0.072,0.68,0.136152,0.86544,0.281351,0.3982,0.468357,0.258672,0.2296,0.6068
mobile_pick_and_place,temporal_order_reversal,temporal_break,0.072,0.7,0.134496,0.87552,0.273584,0.311109,0.625743,0.251328,0.2324,0.6142
mobile_pick_and_place,temporal_order_reversal,heldout_mixed_invariance_stress,0.072,0.86,0.16596,0.8856,0.339606,0.380782,0.598372,0.317424,0.2548,0.6734
mobile_pick_and_place,mixed_physical_invalidity,nominal,0.072,0.1,0.19656,0.482816,0.285458,0.323965,0.303875,0.429024,0.4134,0.477
mobile_pick_and_place,mixed_physical_invalidity,valid_perceptual_shift,0.072,0.44,0.29868,0.503424,0.303135,0.33734,0.31642,0.446736,0.546,0.63
mobile_pick_and_place,mixed_physical_invalidity,valid_geometric_shift,0.072,0.52,0.28212,0.554944,0.36206,0.370777,0.34151,0.499872,0.5772,0.666
mobile_pick_and_place,mixed_physical_invalidity,invalid_physical_shift,0.072,0.64,0.21864,0.884672,0.497587,0.558023,0.504599,0.712416,0.624,0.72
mobile_pick_and_place,mixed_physical_invalidity,contact_frame_break,0.072,0.68,0.22416,0.884672,0.538835,0.457713,0.404237,0.632712,0.6396,0.738
mobile_pick_and_place,mixed_physical_invalidity,affordance_break,0.072,0.68,0.22692,0.884672,0.426877,0.611522,0.429327,0.623856,0.6396,0.738
mobile_pick_and_place,mixed_physical_invalidity,temporal_break,0.072,0.7,0.22416,0.894976,0.415092,0.477775,0.573598,0.606144,0.6474,0.747
mobile_pick_and_place,mixed_physical_invalidity,heldout_mixed_invariance_stress,0.072,0.86,0.2766,0.90528,0.515265,0.584772,0.548508,0.765552,0.7098,0.819
deformable_folding,lighting_background_shift,nominal,0.086,0.1,0.60536,0.031488,0.042902,0.030973,0.026369,0.041856,0.0742,0.0742
deformable_folding,lighting_background_shift,valid_perceptual_shift,0.086,0.44,0.925336,0.032832,0.045559,0.032252,0.027458,0.043584,0.098,0.098
deformable_folding,lighting_background_shift,valid_geometric_shift,0.086,0.52,0.873448,0.036192,0.054415,0.035449,0.029635,0.048768,0.1036,0.1036
deformable_folding,lighting_background_shift,invalid_physical_shift,0.086,0.64,0.674544,0.057696,0.074784,0.053351,0.043788,0.069504,0.112,0.112
deformable_folding,lighting_background_shift,contact_frame_break,0.086,0.68,0.69184,0.057696,0.080983,0.043761,0.035078,0.061728,0.1148,0.1148
deformable_folding,lighting_background_shift,affordance_break,0.086,0.68,0.700488,0.057696,0.064157,0.058466,0.037256,0.060864,0.1148,0.1148
deformable_folding,lighting_background_shift,temporal_break,0.086,0.7,0.69184,0.058368,0.062386,0.045679,0.049775,0.059136,0.1162,0.1162
deformable_folding,lighting_background_shift,heldout_mixed_invariance_stress,0.086,0.86,0.856152,0.05904,0.077441,0.055908,0.047598,0.074688,0.1274,0.1274
deformable_folding,camera_viewpoint_shift,nominal,0.086,0.1,0.55384,0.073472,0.085805,0.04646,0.043949,0.05232,0.0954,0.106
deformable_folding,camera_viewpoint_shift,valid_perceptual_shift,0.086,0.44,0.846584,0.076608,0.091118,0.048378,0.045763,0.05448,0.126,0.14
deformable_folding,camera_viewpoint_shift,valid_geometric_shift,0.086,0.52,0.799112,0.084448,0.10883,0.053173,0.049392,0.06096,0.1332,0.148
deformable_folding,camera_viewpoint_shift,invalid_physical_shift,0.086,0.64,0.617136,0.134624,0.149568,0.080027,0.072979,0.08688,0.144,0.16
deformable_folding,camera_viewpoint_shift,contact_frame_break,0.086,0.68,0.63296,0.134624,0.161966,0.065641,0.058464,0.07716,0.1476,0.164
deformable_folding,camera_viewpoint_shift,affordance_break,0.086,0.68,0.640872,0.134624,0.128314,0.087699,0.062093,0.07608,0.1476,0.164
deformable_folding,camera_viewpoint_shift,temporal_break,0.086,0.7,0.63296,0.136192,0.124771,0.068518,0.082958,0.07392,0.1494,0.166
deformable_folding,camera_viewpoint_shift,heldout_mixed_invariance_stress,0.086,0.86,0.783288,0.13776,0.154882,0.083863,0.07933,0.09336,0.1638,0.182
deformable_folding,se2_pose_transform,nominal,0.086,0.1,0.48944,0.115456,0.120127,0.06969,0.061528,0.083712,0.1272,0.1484
deformable_folding,se2_pose_transform,valid_perceptual_shift,0.086,0.44,0.748144,0.120384,0.127566,0.072567,0.064068,0.087168,0.168,0.196
deformable_folding,se2_pose_transform,valid_geometric_shift,0.086,0.52,0.706192,0.132704,0.152363,0.07976,0.069149,0.097536,0.1776,0.2072
deformable_folding,se2_pose_transform,invalid_physical_shift,0.086,0.64,0.545376,0.211552,0.209395,0.12004,0.102171,0.139008,0.192,0.224
deformable_folding,se2_pose_transform,contact_frame_break,0.086,0.68,0.55936,0.211552,0.226753,0.098461,0.08185,0.123456,0.1968,0.2296
deformable_folding,se2_pose_transform,affordance_break,0.086,0.68,0.566352,0.211552,0.179639,0.131548,0.08693,0.121728,0.1968,0.2296
deformable_folding,se2_pose_transform,temporal_break,0.086,0.7,0.55936,0.214016,0.17468,0.102777,0.116142,0.118272,0.1992,0.2324
deformable_folding,se2_pose_transform,heldout_mixed_invariance_stress,0.086,0.86,0.692208,0.21648,0.216834,0.125794,0.111061,0.149376,0.2184,0.2548
deformable_folding,object_scale_fixture_shift,nominal,0.086,0.1,0.29624,0.31488,0.248834,0.170354,0.123057,0.282528,0.4876,0.318
deformable_folding,object_scale_fixture_shift,valid_perceptual_shift,0.086,0.44,0.452824,0.32832,0.264243,0.177387,0.128137,0.294192,0.644,0.42
deformable_folding,object_scale_fixture_shift,valid_geometric_shift,0.086,0.52,0.427432,0.36192,0.315608,0.194969,0.138298,0.329184,0.6808,0.444
deformable_folding,object_scale_fixture_shift,invalid_physical_shift,0.086,0.64,0.330096,0.57696,0.433747,0.293431,0.204342,0.469152,0.736,0.48
deformable_folding,object_scale_fixture_shift,contact_frame_break,0.086,0.68,0.33856,0.57696,0.469703,0.240684,0.163699,0.416664,0.7544,0.492
deformable_folding,object_scale_fixture_shift,affordance_break,0.086,0.68,0.342792,0.57696,0.372109,0.321563,0.17386,0.410832,0.7544,0.492
deformable_folding,object_scale_fixture_shift,temporal_break,0.086,0.7,0.33856,0.58368,0.361836,0.251233,0.232284,0.399168,0.7636,0.498
deformable_folding,object_scale_fixture_shift,heldout_mixed_invariance_stress,0.086,0.86,0.418968,0.5904,0.449157,0.307497,0.222123,0.504144,0.8372,0.546
deformable_folding,mirror_handed_contact,nominal,0.086,0.1,0.1288,0.461824,0.403283,0.162611,0.087898,0.15696,0.1484,0.424
deformable_folding,mirror_handed_contact,valid_perceptual_shift,0.086,0.44,0.19688,0.481536,0.428256,0.169324,0.091526,0.16344,0.196,0.56
deformable_folding,mirror_handed_contact,valid_geometric_shift,0.086,0.52,0.18584,0.530816,0.511503,0.186107,0.098784,0.18288,0.2072,0.592
deformable_folding,mirror_handed_contact,invalid_physical_shift,0.086,0.64,0.14352,0.846208,0.70297,0.280093,0.145958,0.26064,0.224,0.64
deformable_folding,mirror_handed_contact,contact_frame_break,0.086,0.68,0.1472,0.846208,0.761242,0.229743,0.116928,0.23148,0.2296,0.656
deformable_folding,mirror_handed_contact,affordance_break,0.086,0.68,0.14904,0.846208,0.603074,0.306946,0.124186,0.22824,0.2296,0.656
deformable_folding,mirror_handed_contact,temporal_break,0.086,0.7,0.1472,0.856064,0.586425,0.239813,0.165917,0.22176,0.2324,0.664
deformable_folding,mirror_handed_contact,heldout_mixed_invariance_stress,0.086,0.86,0.18216,0.86592,0.727944,0.29352,0.158659,0.28008,0.2548,0.728
deformable_folding,material_friction_swap,nominal,0.086,0.1,0.11592,0.440832,0.368961,0.247788,0.105477,0.345312,0.1696,0.4134
deformable_folding,material_friction_swap,valid_perceptual_shift,0.086,0.44,0.177192,0.459648,0.391809,0.258017,0.109832,0.359568,0.224,0.546
deformable_folding,material_friction_swap,valid_geometric_shift,0.086,0.52,0.167256,0.506688,0.467971,0.283592,0.118541,0.402336,0.2368,0.5772
deformable_folding,material_friction_swap,invalid_physical_shift,0.086,0.64,0.129168,0.807744,0.643142,0.426808,0.17515,0.573408,0.256,0.624
deformable_folding,material_friction_swap,contact_frame_break,0.086,0.68,0.13248,0.807744,0.696456,0.350085,0.140314,0.509256,0.2624,0.6396
deformable_folding,material_friction_swap,affordance_break,0.086,0.68,0.134136,0.807744,0.551748,0.467727,0.149023,0.502128,0.2624,0.6396
deformable_folding,material_friction_swap,temporal_break,0.086,0.7,0.13248,0.817152,0.536516,0.36543,0.1991,0.487872,0.2656,0.6474
deformable_folding,material_friction_swap,heldout_mixed_invariance_stress,0.086,0.86,0.163944,0.82656,0.665991,0.447268,0.190391,0.616176,0.2912,0.7098
deformable_folding,tool_affordance_swap,nominal,0.086,0.1,0.14168,0.451328,0.291736,0.363938,0.184585,0.20928,0.1802,0.3816
deformable_folding,tool_affordance_swap,valid_perceptual_shift,0.086,0.44,0.216568,0.470592,0.309803,0.378963,0.192205,0.21792,0.238,0.504
deformable_folding,tool_affordance_swap,valid_geometric_shift,0.086,0.52,0.204424,0.518752,0.370023,0.416525,0.207446,0.24384,0.2516,0.5328
deformable_folding,tool_affordance_swap,invalid_physical_shift,0.086,0.64,0.157872,0.826976,0.508531,0.626875,0.306513,0.34752,0.272,0.576
deformable_folding,tool_affordance_swap,contact_frame_break,0.086,0.68,0.16192,0.826976,0.550686,0.514188,0.245549,0.30864,0.2788,0.5904
deformable_folding,tool_affordance_swap,affordance_break,0.086,0.68,0.163944,0.826976,0.436266,0.686975,0.26079,0.30432,0.2788,0.5904
deformable_folding,tool_affordance_swap,temporal_break,0.086,0.7,0.16192,0.836608,0.424222,0.536725,0.348425,0.29568,0.2822,0.5976
deformable_folding,tool_affordance_swap,heldout_mixed_invariance_stress,0.086,0.86,0.200376,0.84624,0.526597,0.656925,0.333184,0.37344,0.3094,0.6552
deformable_folding,support_surface_change,nominal,0.086,0.1,0.15456,0.430336,0.326058,0.224557,0.149426,0.491808,0.212,0.4028
deformable_folding,support_surface_change,valid_perceptual_shift,0.086,0.44,0.236256,0.448704,0.34625,0.233828,0.155595,0.512112,0.28,0.532
deformable_folding,support_surface_change,valid_geometric_shift,0.086,0.52,0.223008,0.494624,0.413556,0.257005,0.167933,0.573024,0.296,0.5624
deformable_folding,support_surface_change,invalid_physical_shift,0.086,0.64,0.172224,0.788512,0.568358,0.386795,0.248129,0.816672,0.32,0.608
deformable_folding,support_surface_change,contact_frame_break,0.086,0.68,0.17664,0.788512,0.615472,0.317265,0.198778,0.725304,0.328,0.6232
deformable_folding,support_surface_change,affordance_break,0.086,0.68,0.178848,0.788512,0.487592,0.423878,0.211116,0.715152,0.328,0.6232
deformable_folding,support_surface_change,temporal_break,0.086,0.7,0.17664,0.797696,0.474131,0.331171,0.282059,0.694848,0.332,0.6308
deformable_folding,support_surface_change,heldout_mixed_invariance_stress,0.086,0.86,0.218592,0.80688,0.58855,0.405336,0.269721,0.877584,0.364,0.6916
deformable_folding,temporal_order_reversal,nominal,0.086,0.1,0.11592,0.47232,0.248834,0.216814,0.421908,0.177888,0.1484,0.3922
deformable_folding,temporal_order_reversal,valid_perceptual_shift,0.086,0.44,0.177192,0.49248,0.264243,0.225765,0.439327,0.185232,0.196,0.518
deformable_folding,temporal_order_reversal,valid_geometric_shift,0.086,0.52,0.167256,0.54288,0.315608,0.248143,0.474163,0.207264,0.2072,0.5476
deformable_folding,temporal_order_reversal,invalid_physical_shift,0.086,0.64,0.129168,0.86544,0.433747,0.373457,0.7006,0.295392,0.224,0.592
deformable_folding,temporal_order_reversal,contact_frame_break,0.086,0.68,0.13248,0.86544,0.469703,0.306324,0.561254,0.262344,0.2296,0.6068
deformable_folding,temporal_order_reversal,affordance_break,0.086,0.68,0.134136,0.86544,0.372109,0.409261,0.596091,0.258672,0.2296,0.6068
deformable_folding,temporal_order_reversal,temporal_break,0.086,0.7,0.13248,0.87552,0.361836,0.319751,0.796401,0.251328,0.2324,0.6142
deformable_folding,temporal_order_reversal,heldout_mixed_invariance_stress,0.086,0.86,0.163944,0.8856,0.449157,0.391359,0.761564,0.317424,0.2548,0.6734
deformable_folding,mixed_physical_invalidity,nominal,0.086,0.1,0.1932,0.482816,0.377541,0.332964,0.386749,0.429024,0.4134,0.477
deformable_folding,mixed_physical_invalidity,valid_perceptual_shift,0.086,0.44,0.29532,0.503424,0.400921,0.346711,0.402716,0.446736,0.546,0.63
deformable_folding,mixed_physical_invalidity,valid_geometric_shift,0.086,0.52,0.27876,0.554944,0.478854,0.381076,0.43465,0.499872,0.5772,0.666
deformable_folding,mixed_physical_invalidity,invalid_physical_shift,0.086,0.64,0.21528,0.884672,0.658099,0.573524,0.642217,0.712416,0.624,0.72
deformable_folding,mixed_physical_invalidity,contact_frame_break,0.086,0.68,0.2208,0.884672,0.712652,0.470427,0.514483,0.632712,0.6396,0.738
deformable_folding,mixed_physical_invalidity,affordance_break,0.086,0.68,0.22356,0.884672,0.56458,0.628509,0.546417,0.623856,0.6396,0.738
deformable_folding,mixed_physical_invalidity,temporal_break,0.086,0.7,0.2208,0.894976,0.548993,0.491046,0.730034,0.606144,0.6474,0.747
deformable_folding,mixed_physical_invalidity,heldout_mixed_invariance_stress,0.086,0.86,0.27324,0.90528,0.681479,0.601016,0.6981,0.765552,0.7098,0.819
bimanual_handoff,lighting_background_shift,nominal,0.08,0.1,0.594832,0.031488,0.046042,0.031811,0.028881,0.041856,0.0742,0.0742
bimanual_handoff,lighting_background_shift,valid_perceptual_shift,0.08,0.44,0.914808,0.032832,0.048893,0.033124,0.030073,0.043584,0.098,0.098
bimanual_handoff,lighting_background_shift,valid_geometric_shift,0.08,0.52,0.86292,0.036192,0.058397,0.036407,0.032458,0.048768,0.1036,0.1036
bimanual_handoff,lighting_background_shift,invalid_physical_shift,0.08,0.64,0.664016,0.057696,0.080256,0.054793,0.047958,0.069504,0.112,0.112
bimanual_handoff,lighting_background_shift,contact_frame_break,0.08,0.68,0.681312,0.057696,0.086909,0.044943,0.038419,0.061728,0.1148,0.1148
bimanual_handoff,lighting_background_shift,affordance_break,0.08,0.68,0.68996,0.057696,0.068851,0.060046,0.040804,0.060864,0.1148,0.1148
bimanual_handoff,lighting_background_shift,temporal_break,0.08,0.7,0.681312,0.058368,0.06695,0.046913,0.054516,0.059136,0.1162,0.1162
bimanual_handoff,lighting_background_shift,heldout_mixed_invariance_stress,0.08,0.86,0.845624,0.05904,0.083107,0.05742,0.052131,0.074688,0.1274,0.1274
bimanual_handoff,camera_viewpoint_shift,nominal,0.08,0.1,0.544208,0.073472,0.092083,0.047716,0.048134,0.05232,0.0954,0.106
bimanual_handoff,camera_viewpoint_shift,valid_perceptual_shift,0.08,0.44,0.836952,0.076608,0.097786,0.049686,0.050122,0.05448,0.126,0.14
bimanual_handoff,camera_viewpoint_shift,valid_geometric_shift,0.08,0.52,0.78948,0.084448,0.116794,0.054611,0.054096,0.06096,0.1332,0.148
bimanual_handoff,camera_viewpoint_shift,invalid_physical_shift,0.08,0.64,0.607504,0.134624,0.160512,0.082189,0.07993,0.08688,0.144,0.16
bimanual_handoff,camera_viewpoint_shift,contact_frame_break,0.08,0.68,0.623328,0.134624,0.173818,0.067415,0.064032,0.07716,0.1476,0.164
bimanual_handoff,camera_viewpoint_shift,affordance_break,0.08,0.68,0.63124,0.134624,0.137702,0.090069,0.068006,0.07608,0.1476,0.164
bimanual_handoff,camera_viewpoint_shift,temporal_break,0.08,0.7,0.623328,0.136192,0.133901,0.07037,0.090859,0.07392,0.1494,0.166
bimanual_handoff,camera_viewpoint_shift,heldout_mixed_invariance_stress,0.08,0.86,0.773656,0.13776,0.166214,0.086129,0.086885,0.09336,0.1638,0.182
bimanual_handoff,se2_pose_transform,nominal,0.08,0.1,0.480928,0.115456,0.128916,0.071574,0.067388,0.083712,0.1272,0.1484
bimanual_handoff,se2_pose_transform,valid_perceptual_shift,0.08,0.44,0.739632,0.120384,0.1369,0.074529,0.07017,0.087168,0.168,0.196
bimanual_handoff,se2_pose_transform,valid_geometric_shift,0.08,0.52,0.69768,0.132704,0.163511,0.081916,0.075734,0.097536,0.1776,0.2072
bimanual_handoff,se2_pose_transform,invalid_physical_shift,0.08,0.64,0.536864,0.211552,0.224717,0.123284,0.111901,0.139008,0.192,0.224
bimanual_handoff,se2_pose_transform,contact_frame_break,0.08,0.68,0.550848,0.211552,0.243345,0.101123,0.089645,0.123456,0.1968,0.2296
bimanual_handoff,se2_pose_transform,affordance_break,0.08,0.68,0.55784,0.211552,0.192783,0.135104,0.095209,0.121728,0.1968,0.2296
bimanual_handoff,se2_pose_transform,temporal_break,0.08,0.7,0.550848,0.214016,0.187461,0.105555,0.127203,0.118272,0.1992,0.2324
bimanual_handoff,se2_pose_transform,heldout_mixed_invariance_stress,0.08,0.86,0.683696,0.21648,0.2327,0.129194,0.121639,0.149376,0.2184,0.2548
bimanual_handoff,object_scale_fixture_shift,nominal,0.08,0.1,0.291088,0.31488,0.267041,0.174958,0.134776,0.282528,0.4876,0.318
bimanual_handoff,object_scale_fixture_shift,valid_perceptual_shift,0.08,0.44,0.447672,0.32832,0.283578,0.182181,0.14034,0.294192,0.644,0.42
bimanual_handoff,object_scale_fixture_shift,valid_geometric_shift,0.08,0.52,0.42228,0.36192,0.338701,0.200239,0.151469,0.329184,0.6808,0.444
bimanual_handoff,object_scale_fixture_shift,invalid_physical_shift,0.08,0.64,0.324944,0.57696,0.465485,0.301361,0.223803,0.469152,0.736,0.48
bimanual_handoff,object_scale_fixture_shift,contact_frame_break,0.08,0.68,0.333408,0.57696,0.504071,0.247188,0.17929,0.416664,0.7544,0.492
bimanual_handoff,object_scale_fixture_shift,affordance_break,0.08,0.68,0.33764,0.57696,0.399337,0.330253,0.190418,0.410832,0.7544,0.492
bimanual_handoff,object_scale_fixture_shift,temporal_break,0.08,0.7,0.333408,0.58368,0.388312,0.258023,0.254406,0.399168,0.7636,0.498
bimanual_handoff,object_scale_fixture_shift,heldout_mixed_invariance_stress,0.08,0.86,0.413816,0.5904,0.482022,0.315807,0.243277,0.504144,0.8372,0.546
bimanual_handoff,mirror_handed_contact,nominal,0.08,0.1,0.12656,0.461824,0.432791,0.167005,0.096269,0.15696,0.1484,0.424
bimanual_handoff,mirror_handed_contact,valid_perceptual_shift,0.08,0.44,0.19464,0.481536,0.459592,0.1739,0.100243,0.16344,0.196,0.56
bimanual_handoff,mirror_handed_contact,valid_geometric_shift,0.08,0.52,0.1836,0.530816,0.54893,0.191137,0.108192,0.18288,0.2072,0.592
bimanual_handoff,mirror_handed_contact,invalid_physical_shift,0.08,0.64,0.14128,0.846208,0.754406,0.287663,0.159859,0.26064,0.224,0.64
bimanual_handoff,mirror_handed_contact,contact_frame_break,0.08,0.68,0.14496,0.846208,0.816943,0.235953,0.128064,0.23148,0.2296,0.656
bimanual_handoff,mirror_handed_contact,affordance_break,0.08,0.68,0.1468,0.846208,0.647201,0.315242,0.136013,0.22824,0.2296,0.656
bimanual_handoff,mirror_handed_contact,temporal_break,0.08,0.7,0.14496,0.856064,0.629334,0.246295,0.181718,0.22176,0.2324,0.664
bimanual_handoff,mirror_handed_contact,heldout_mixed_invariance_stress,0.08,0.86,0.17992,0.86592,0.781208,0.301452,0.17377,0.28008,0.2548,0.728
bimanual_handoff,material_friction_swap,nominal,0.08,0.1,0.113904,0.440832,0.395958,0.254484,0.115523,0.345312,0.1696,0.4134
bimanual_handoff,material_friction_swap,valid_perceptual_shift,0.08,0.44,0.175176,0.459648,0.420478,0.264991,0.120292,0.359568,0.224,0.546
bimanual_handoff,material_friction_swap,valid_geometric_shift,0.08,0.52,0.16524,0.506688,0.502212,0.291256,0.12983,0.402336,0.2368,0.5772
bimanual_handoff,material_friction_swap,invalid_physical_shift,0.08,0.64,0.127152,0.807744,0.690202,0.438344,0.191831,0.573408,0.256,0.624
bimanual_handoff,material_friction_swap,contact_frame_break,0.08,0.68,0.130464,0.807744,0.747416,0.359547,0.153677,0.509256,0.2624,0.6396
bimanual_handoff,material_friction_swap,affordance_break,0.08,0.68,0.13212,0.807744,0.59212,0.480369,0.163215,0.502128,0.2624,0.6396
bimanual_handoff,material_friction_swap,temporal_break,0.08,0.7,0.130464,0.817152,0.575773,0.375306,0.218062,0.487872,0.2656,0.6474
bimanual_handoff,material_friction_swap,heldout_mixed_invariance_stress,0.08,0.86,0.161928,0.82656,0.714722,0.459356,0.208524,0.616176,0.2912,0.7098
bimanual_handoff,tool_affordance_swap,nominal,0.08,0.1,0.139216,0.451328,0.313083,0.373774,0.202164,0.20928,0.1802,0.3816
bimanual_handoff,tool_affordance_swap,valid_perceptual_shift,0.08,0.44,0.214104,0.470592,0.332471,0.389205,0.210511,0.21792,0.238,0.504
bimanual_handoff,tool_affordance_swap,valid_geometric_shift,0.08,0.52,0.20196,0.518752,0.397098,0.427783,0.227203,0.24384,0.2516,0.5328
bimanual_handoff,tool_affordance_swap,invalid_physical_shift,0.08,0.64,0.155408,0.826976,0.545741,0.643817,0.335704,0.34752,0.272,0.576
bimanual_handoff,tool_affordance_swap,contact_frame_break,0.08,0.68,0.159456,0.826976,0.59098,0.528084,0.268934,0.30864,0.2788,0.5904
bimanual_handoff,tool_affordance_swap,affordance_break,0.08,0.68,0.16148,0.826976,0.468188,0.705541,0.285627,0.30432,0.2788,0.5904
bimanual_handoff,tool_affordance_swap,temporal_break,0.08,0.7,0.159456,0.836608,0.455263,0.551231,0.381609,0.29568,0.2822,0.5976
bimanual_handoff,tool_affordance_swap,heldout_mixed_invariance_stress,0.08,0.86,0.197912,0.84624,0.565129,0.674679,0.364916,0.37344,0.3094,0.6552
bimanual_handoff,support_surface_change,nominal,0.08,0.1,0.151872,0.430336,0.349916,0.230627,0.163657,0.491808,0.212,0.4028
bimanual_handoff,support_surface_change,valid_perceptual_shift,0.08,0.44,0.233568,0.448704,0.371585,0.240148,0.170413,0.512112,0.28,0.532
bimanual_handoff,support_surface_change,valid_geometric_shift,0.08,0.52,0.22032,0.494624,0.443816,0.263951,0.183926,0.573024,0.296,0.5624
bimanual_handoff,support_surface_change,invalid_physical_shift,0.08,0.64,0.169536,0.788512,0.609946,0.397249,0.271761,0.816672,0.32,0.608
bimanual_handoff,support_surface_change,contact_frame_break,0.08,0.68,0.173952,0.788512,0.660507,0.325839,0.217709,0.725304,0.328,0.6232
bimanual_handoff,support_surface_change,affordance_break,0.08,0.68,0.17616,0.788512,0.523269,0.435334,0.231222,0.715152,0.328,0.6232
bimanual_handoff,support_surface_change,temporal_break,0.08,0.7,0.173952,0.797696,0.508823,0.340121,0.308921,0.694848,0.332,0.6308
bimanual_handoff,support_surface_change,heldout_mixed_invariance_stress,0.08,0.86,0.215904,0.80688,0.631615,0.416292,0.295408,0.877584,0.364,0.6916
bimanual_handoff,temporal_order_reversal,nominal,0.08,0.1,0.113904,0.47232,0.267041,0.222674,0.46209,0.177888,0.1484,0.3922
bimanual_handoff,temporal_order_reversal,valid_perceptual_shift,0.08,0.44,0.175176,0.49248,0.283578,0.231867,0.481167,0.185232,0.196,0.518
bimanual_handoff,temporal_order_reversal,valid_geometric_shift,0.08,0.52,0.16524,0.54288,0.338701,0.254849,0.519322,0.207264,0.2072,0.5476
bimanual_handoff,temporal_order_reversal,invalid_physical_shift,0.08,0.64,0.127152,0.86544,0.465485,0.383551,0.767324,0.295392,0.224,0.592
bimanual_handoff,temporal_order_reversal,contact_frame_break,0.08,0.68,0.130464,0.86544,0.504071,0.314604,0.614707,0.262344,0.2296,0.6068
bimanual_handoff,temporal_order_reversal,affordance_break,0.08,0.68,0.13212,0.86544,0.399337,0.420323,0.652861,0.258672,0.2296,0.6068
bimanual_handoff,temporal_order_reversal,temporal_break,0.08,0.7,0.130464,0.87552,0.388312,0.328393,0.872248,0.251328,0.2324,0.6142
bimanual_handoff,temporal_order_reversal,heldout_mixed_invariance_stress,0.08,0.86,0.161928,0.8856,0.482022,0.401937,0.834094,0.317424,0.2548,0.6734
bimanual_handoff,mixed_physical_invalidity,nominal,0.08,0.1,0.18984,0.482816,0.405166,0.341964,0.423583,0.429024,0.4134,0.477
bimanual_handoff,mixed_physical_invalidity,valid_perceptual_shift,0.08,0.44,0.29196,0.503424,0.430257,0.356081,0.44107,0.446736,0.546,0.63
bimanual_handoff,mixed_physical_invalidity,valid_geometric_shift,0.08,0.52,0.2754,0.554944,0.513892,0.391376,0.476045,0.499872,0.5772,0.666
bimanual_handoff,mixed_physical_invalidity,invalid_physical_shift,0.08,0.64,0.21192,0.884672,0.706253,0.589024,0.70338,0.712416,0.624,0.72
bimanual_handoff,mixed_physical_invalidity,contact_frame_break,0.08,0.68,0.21744,0.884672,0.764797,0.483141,0.563482,0.632712,0.6396,0.738
bimanual_handoff,mixed_physical_invalidity,affordance_break,0.08,0.68,0.2202,0.884672,0.605891,0.645495,0.598456,0.623856,0.6396,0.738
bimanual_handoff,mixed_physical_invalidity,temporal_break,0.08,0.7,0.21744,0.894976,0.589164,0.504318,0.799561,0.606144,0.6474,0.747
bimanual_handoff,mixed_physical_invalidity,heldout_mixed_invariance_stress,0.08,0.86,0.26988,0.90528,0.731343,0.61726,0.764586,0.765552,0.7098,0.819
articulated_object_assembly,lighting_background_shift,nominal,0.088,0.1,0.589568,0.031488,0.047088,0.036833,0.025741,0.041856,0.0742,0.0742
articulated_object_assembly,lighting_background_shift,valid_perceptual_shift,0.088,0.44,0.909544,0.032832,0.050004,0.038354,0.026804,0.043584,0.098,0.098
articulated_object_assembly,lighting_background_shift,valid_geometric_shift,0.088,0.52,0.857656,0.036192,0.059724,0.042156,0.02893,0.048768,0.1036,0.1036
articulated_object_assembly,lighting_background_shift,invalid_physical_shift,0.088,0.64,0.658752,0.057696,0.08208,0.063444,0.042745,0.069504,0.112,0.112
articulated_object_assembly,lighting_background_shift,contact_frame_break,0.088,0.68,0.676048,0.057696,0.088884,0.05204,0.034243,0.061728,0.1148,0.1148
articulated_object_assembly,lighting_background_shift,affordance_break,0.088,0.68,0.684696,0.057696,0.070416,0.069527,0.036369,0.060864,0.1148,0.1148
articulated_object_assembly,lighting_background_shift,temporal_break,0.088,0.7,0.676048,0.058368,0.068472,0.054321,0.04859,0.059136,0.1162,0.1162
articulated_object_assembly,lighting_background_shift,heldout_mixed_invariance_stress,0.088,0.86,0.84036,0.05904,0.084996,0.066486,0.046464,0.074688,0.1274,0.1274
articulated_object_assembly,camera_viewpoint_shift,nominal,0.088,0.1,0.539392,0.073472,0.094176,0.05525,0.042902,0.05232,0.0954,0.106
articulated_object_assembly,camera_viewpoint_shift,valid_perceptual_shift,0.088,0.44,0.832136,0.076608,0.100008,0.057531,0.044674,0.05448,0.126,0.14
articulated_object_assembly,camera_viewpoint_shift,valid_geometric_shift,0.088,0.52,0.784664,0.084448,0.119448,0.063233,0.048216,0.06096,0.1332,0.148
articulated_object_assembly,camera_viewpoint_shift,invalid_physical_shift,0.088,0.64,0.602688,0.134624,0.16416,0.095167,0.071242,0.08688,0.144,0.16
articulated_object_assembly,camera_viewpoint_shift,contact_frame_break,0.088,0.68,0.618512,0.134624,0.177768,0.07806,0.057072,0.07716,0.1476,0.164
articulated_object_assembly,camera_viewpoint_shift,affordance_break,0.088,0.68,0.626424,0.134624,0.140832,0.104291,0.060614,0.07608,0.1476,0.164
articulated_object_assembly,camera_viewpoint_shift,temporal_break,0.088,0.7,0.618512,0.136192,0.136944,0.081481,0.080983,0.07392,0.1494,0.166
articulated_object_assembly,camera_viewpoint_shift,heldout_mixed_invariance_stress,0.088,0.86,0.76884,0.13776,0.169992,0.099729,0.077441,0.09336,0.1638,0.182
articulated_object_assembly,se2_pose_transform,nominal,0.088,0.1,0.476672,0.115456,0.131846,0.082875,0.060063,0.083712,0.1272,0.1484
articulated_object_assembly,se2_pose_transform,valid_perceptual_shift,0.088,0.44,0.735376,0.120384,0.140011,0.086296,0.062543,0.087168,0.168,0.196
articulated_object_assembly,se2_pose_transform,valid_geometric_shift,0.088,0.52,0.693424,0.132704,0.167227,0.09485,0.067502,0.097536,0.1776,0.2072
articulated_object_assembly,se2_pose_transform,invalid_physical_shift,0.088,0.64,0.532608,0.211552,0.229824,0.14275,0.099738,0.139008,0.192,0.224
articulated_object_assembly,se2_pose_transform,contact_frame_break,0.088,0.68,0.546592,0.211552,0.248875,0.117089,0.079901,0.123456,0.1968,0.2296
articulated_object_assembly,se2_pose_transform,affordance_break,0.088,0.68,0.553584,0.211552,0.197165,0.156436,0.08486,0.121728,0.1968,0.2296
articulated_object_assembly,se2_pose_transform,temporal_break,0.088,0.7,0.546592,0.214016,0.191722,0.122221,0.113376,0.118272,0.1992,0.2324
articulated_object_assembly,se2_pose_transform,heldout_mixed_invariance_stress,0.088,0.86,0.67944,0.21648,0.237989,0.149593,0.108417,0.149376,0.2184,0.2548
articulated_object_assembly,object_scale_fixture_shift,nominal,0.088,0.1,0.288512,0.31488,0.27311,0.202583,0.120127,0.282528,0.4876,0.318
articulated_object_assembly,object_scale_fixture_shift,valid_perceptual_shift,0.088,0.44,0.445096,0.32832,0.290023,0.210947,0.125086,0.294192,0.644,0.42
articulated_object_assembly,object_scale_fixture_shift,valid_geometric_shift,0.088,0.52,0.419704,0.36192,0.346399,0.231855,0.135005,0.329184,0.6808,0.444
articulated_object_assembly,object_scale_fixture_shift,invalid_physical_shift,0.088,0.64,0.322368,0.57696,0.476064,0.348945,0.199476,0.469152,0.736,0.48
articulated_object_assembly,object_scale_fixture_shift,contact_frame_break,0.088,0.68,0.330832,0.57696,0.515527,0.286218,0.159802,0.416664,0.7544,0.492
articulated_object_assembly,object_scale_fixture_shift,affordance_break,0.088,0.68,0.335064,0.57696,0.408413,0.382399,0.16972,0.410832,0.7544,0.492
articulated_object_assembly,object_scale_fixture_shift,temporal_break,0.088,0.7,0.330832,0.58368,0.397138,0.298764,0.226753,0.399168,0.7636,0.498
articulated_object_assembly,object_scale_fixture_shift,heldout_mixed_invariance_stress,0.088,0.86,0.41124,0.5904,0.492977,0.365672,0.216834,0.504144,0.8372,0.546
articulated_object_assembly,mirror_handed_contact,nominal,0.088,0.1,0.12544,0.461824,0.442627,0.193375,0.085805,0.15696,0.1484,0.424
articulated_object_assembly,mirror_handed_contact,valid_perceptual_shift,0.088,0.44,0.19352,0.481536,0.470038,0.201358,0.089347,0.16344,0.196,0.56
articulated_object_assembly,mirror_handed_contact,valid_geometric_shift,0.088,0.52,0.18248,0.530816,0.561406,0.221316,0.096432,0.18288,0.2072,0.592
articulated_object_assembly,mirror_handed_contact,invalid_physical_shift,0.088,0.64,0.14016,0.846208,0.771552,0.333084,0.142483,0.26064,0.224,0.64
articulated_object_assembly,mirror_handed_contact,contact_frame_break,0.088,0.68,0.14384,0.846208,0.83551,0.273208,0.114144,0.23148,0.2296,0.656
articulated_object_assembly,mirror_handed_contact,affordance_break,0.088,0.68,0.14568,0.846208,0.66191,0.365017,0.121229,0.22824,0.2296,0.656
articulated_object_assembly,mirror_handed_contact,temporal_break,0.088,0.7,0.14384,0.856064,0.643637,0.285183,0.161966,0.22176,0.2324,0.664
articulated_object_assembly,mirror_handed_contact,heldout_mixed_invariance_stress,0.088,0.86,0.1788,0.86592,0.798962,0.34905,0.154882,0.28008,0.2548,0.728
articulated_object_assembly,material_friction_swap,nominal,0.088,0.1,0.112896,0.440832,0.404957,0.294666,0.102966,0.345312,0.1696,0.4134
articulated_object_assembly,material_friction_swap,valid_perceptual_shift,0.088,0.44,0.174168,0.459648,0.430034,0.306831,0.107217,0.359568,0.224,0.546
articulated_object_assembly,material_friction_swap,valid_geometric_shift,0.088,0.52,0.164232,0.506688,0.513626,0.337244,0.115718,0.402336,0.2368,0.5772
articulated_object_assembly,material_friction_swap,invalid_physical_shift,0.088,0.64,0.126144,0.807744,0.705888,0.507556,0.17098,0.573408,0.256,0.624
articulated_object_assembly,material_friction_swap,contact_frame_break,0.088,0.68,0.129456,0.807744,0.764402,0.416317,0.136973,0.509256,0.2624,0.6396
articulated_object_assembly,material_friction_swap,affordance_break,0.088,0.68,0.131112,0.807744,0.605578,0.556216,0.145475,0.502128,0.2624,0.6396
articulated_object_assembly,material_friction_swap,temporal_break,0.088,0.7,0.129456,0.817152,0.588859,0.434565,0.19436,0.487872,0.2656,0.6474
articulated_object_assembly,material_friction_swap,heldout_mixed_invariance_stress,0.088,0.86,0.16092,0.82656,0.730966,0.531886,0.185858,0.616176,0.2912,0.7098
articulated_object_assembly,tool_affordance_swap,nominal,0.088,0.1,0.137984,0.451328,0.320198,0.432791,0.18019,0.20928,0.1802,0.3816
articulated_object_assembly,tool_affordance_swap,valid_perceptual_shift,0.088,0.44,0.212872,0.470592,0.340027,0.450659,0.187629,0.21792,0.238,0.504
articulated_object_assembly,tool_affordance_swap,valid_geometric_shift,0.088,0.52,0.200728,0.518752,0.406123,0.495327,0.202507,0.24384,0.2516,0.5328
articulated_object_assembly,tool_affordance_swap,invalid_physical_shift,0.088,0.64,0.154176,0.826976,0.558144,0.745473,0.299215,0.34752,0.272,0.576
articulated_object_assembly,tool_affordance_swap,contact_frame_break,0.088,0.68,0.158224,0.826976,0.604411,0.611466,0.239702,0.30864,0.2788,0.5904
articulated_object_assembly,tool_affordance_swap,affordance_break,0.088,0.68,0.160248,0.826976,0.478829,0.816943,0.25458,0.30432,0.2788,0.5904
articulated_object_assembly,tool_affordance_swap,temporal_break,0.088,0.7,0.158224,0.836608,0.46561,0.638268,0.340129,0.29568,0.2822,0.5976
articulated_object_assembly,tool_affordance_swap,heldout_mixed_invariance_stress,0.088,0.86,0.19668,0.84624,0.577973,0.781208,0.325251,0.37344,0.3094,0.6552
articulated_object_assembly,support_surface_change,nominal,0.088,0.1,0.150528,0.430336,0.357869,0.267041,0.145868,0.491808,0.212,0.4028
articulated_object_assembly,support_surface_change,valid_perceptual_shift,0.088,0.44,0.232224,0.448704,0.38003,0.278066,0.15189,0.512112,0.28,0.532
articulated_object_assembly,support_surface_change,valid_geometric_shift,0.088,0.52,0.218976,0.494624,0.453902,0.305628,0.163934,0.573024,0.296,0.5624
articulated_object_assembly,support_surface_change,invalid_physical_shift,0.088,0.64,0.168192,0.788512,0.623808,0.459972,0.242221,0.816672,0.32,0.608
articulated_object_assembly,support_surface_change,contact_frame_break,0.088,0.68,0.172608,0.788512,0.675518,0.377288,0.194045,0.725304,0.328,0.6232
articulated_object_assembly,support_surface_change,affordance_break,0.088,0.68,0.174816,0.788512,0.535162,0.504071,0.206089,0.715152,0.328,0.6232
articulated_object_assembly,support_surface_change,temporal_break,0.088,0.7,0.172608,0.797696,0.520387,0.393825,0.275343,0.694848,0.332,0.6308
articulated_object_assembly,support_surface_change,heldout_mixed_invariance_stress,0.088,0.86,0.21456,0.80688,0.64597,0.482022,0.263299,0.877584,0.364,0.6916
articulated_object_assembly,temporal_order_reversal,nominal,0.088,0.1,0.112896,0.47232,0.27311,0.257833,0.411863,0.177888,0.1484,0.3922
articulated_object_assembly,temporal_order_reversal,valid_perceptual_shift,0.088,0.44,0.174168,0.49248,0.290023,0.268477,0.428867,0.185232,0.196,0.518
articulated_object_assembly,temporal_order_reversal,valid_geometric_shift,0.088,0.52,0.164232,0.54288,0.346399,0.295089,0.462874,0.207264,0.2072,0.5476
articulated_object_assembly,temporal_order_reversal,invalid_physical_shift,0.088,0.64,0.126144,0.86544,0.476064,0.444111,0.683919,0.295392,0.224,0.592
articulated_object_assembly,temporal_order_reversal,contact_frame_break,0.088,0.68,0.129456,0.86544,0.515527,0.364278,0.547891,0.262344,0.2296,0.6068
articulated_object_assembly,temporal_order_reversal,affordance_break,0.088,0.68,0.131112,0.86544,0.408413,0.486689,0.581898,0.258672,0.2296,0.6068
articulated_object_assembly,temporal_order_reversal,temporal_break,0.088,0.7,0.129456,0.87552,0.397138,0.380244,0.777439,0.251328,0.2324,0.6142
articulated_object_assembly,temporal_order_reversal,heldout_mixed_invariance_stress,0.088,0.86,0.16092,0.8856,0.492977,0.4654,0.743432,0.317424,0.2548,0.6734
articulated_object_assembly,mixed_physical_invalidity,nominal,0.088,0.1,0.18816,0.482816,0.414374,0.395958,0.377541,0.429024,0.4134,0.477
articulated_object_assembly,mixed_physical_invalidity,valid_perceptual_shift,0.088,0.44,0.29028,0.503424,0.440035,0.412305,0.393128,0.446736,0.546,0.63
articulated_object_assembly,mixed_physical_invalidity,valid_geometric_shift,0.088,0.52,0.27372,0.554944,0.525571,0.453172,0.424301,0.499872,0.5772,0.666
articulated_object_assembly,mixed_physical_invalidity,invalid_physical_shift,0.088,0.64,0.21024,0.884672,0.722304,0.682028,0.626926,0.712416,0.624,0.72
articulated_object_assembly,mixed_physical_invalidity,contact_frame_break,0.088,0.68,0.21576,0.884672,0.782179,0.559427,0.502234,0.632712,0.6396,0.738
articulated_object_assembly,mixed_physical_invalidity,affordance_break,0.088,0.68,0.21852,0.884672,0.619661,0.747416,0.533407,0.623856,0.6396,0.738
articulated_object_assembly,mixed_physical_invalidity,temporal_break,0.088,0.7,0.21576,0.894976,0.602554,0.583947,0.712652,0.606144,0.6474,0.747
articulated_object_assembly,mixed_physical_invalidity,heldout_mixed_invariance_stress,0.088,0.86,0.2682,0.90528,0.747965,0.714722,0.681479,0.765552,0.7098,0.819
